mois stock,Country,Client Id,FLG_registered,IBL,Organisme,Partner,Financial Product,Commercial Product,Market,Apporteur,Agence,Commercial
01/10/2023,DE,CLT_0,0,BLS,Org_5,Part_9,FinProd_7,ComProd_9,Mkt_7,App_9,Agc_8,Com_2
01/11/2023,NL,CLT_1,1,ELS,Org_9,Part_5,FinProd_9,ComProd_6,Mkt_7,App_9,Agc_5,Com_5
01/06/2023,IT,CLT_2,1,ELS,Org_9,Part_10,FinProd_3,ComProd_6,Mkt_7,App_10,Agc_1,Com_1
01/01/2023,DE,CLT_3,0,BLS,Org_7,Part_8,FinProd_1,ComProd_1,Mkt_2,App_8,Agc_7,Com_9
01/10/2023,IT,CLT_4,1,ELS,Org_7,Part_1,FinProd_4,ComProd_7,Mkt_8,App_7,Agc_10,Com_5
01/10/2023,NL,CLT_5,1,TLS,Org_8,Part_7,FinProd_7,ComProd_4,Mkt_9,App_2,Agc_4,Com_8
01/10/2023,NL,CLT_6,1,TLS,Org_9,Part_3,FinProd_7,ComProd_8,Mkt_1,App_4,Agc_2,Com_7
01/01/2023,BE,CLT_7,0,TLS,Org_7,Part_2,FinProd_4,ComProd_1,Mkt_1,App_10,Agc_5,Com_3
01/02/2023,DE,CLT_8,0,TLS,Org_5,Part_3,FinProd_9,ComProd_9,Mkt_1,App_9,Agc_4,Com_9
01/05/2023,IT,CLT_9,0,BLS,Org_4,Part_3,FinProd_1,ComProd_4,Mkt_5,App_2,Agc_6,Com_5
01/08/2023,DE,CLT_10,1,ELS,Org_4,Part_5,FinProd_4,ComProd_2,Mkt_1,App_4,Agc_8,Com_3
01/09/2023,IT,CLT_11,0,TLS,Org_8,Part_7,FinProd_1,ComProd_5,Mkt_7,App_4,Agc_1,Com_7
01/04/2023,BE,CLT_12,0,TLS,Org_1,Part_6,FinProd_5,ComProd_3,Mkt_6,App_7,Agc_9,Com_1
01/09/2023,ES,CLT_13,0,TLS,Org_2,Part_5,FinProd_8,ComProd_9,Mkt_2,App_10,Agc_5,Com_5
01/09/2023,DE,CLT_14,1,BLS,Org_3,Part_6,FinProd_1,ComProd_1,Mkt_2,App_1,Agc_6,Com_9
01/01/2023,DE,CLT_15,0,ELS,Org_3,Part_6,FinProd_10,ComProd_7,Mkt_2,App_3,Agc_1,Com_9
01/12/2023,UK,CLT_16,0,BLS,Org_5,Part_2,FinProd_1,ComProd_8,Mkt_3,App_7,Agc_2,Com_7
01/10/2023,ES,CLT_17,0,BLS,Org_5,Part_10,FinProd_8,ComProd_8,Mkt_3,App_8,Agc_3,Com_2
01/08/2023,DE,CLT_18,1,BLS,Org_3,Part_1,FinProd_10,ComProd_10,Mkt_3,App_4,Agc_5,Com_2
01/09/2023,BE,CLT_19,0,TLS,Org_1,Part_7,FinProd_3,ComProd_6,Mkt_4,App_3,Agc_8,Com_2
01/06/2023,ES,CLT_20,1,BLS,Org_1,Part_1,FinProd_4,ComProd_8,Mkt_4,App_10,Agc_10,Com_4
01/09/2023,NL,CLT_21,1,ELS,Org_10,Part_4,FinProd_6,ComProd_7,Mkt_4,App_10,Agc_8,Com_3
01/09/2023,FR,CLT_22,1,BLS,Org_9,Part_4,FinProd_8,ComProd_6,Mkt_10,App_5,Agc_4,Com_9
01/03/2023,DE,CLT_23,0,ELS,Org_6,Part_8,FinProd_9,ComProd_9,Mkt_5,App_2,Agc_8,Com_2
01/09/2023,IT,CLT_24,1,BLS,Org_1,Part_10,FinProd_7,ComProd_2,Mkt_6,App_3,Agc_5,Com_2
01/09/2023,BE,CLT_25,0,BLS,Org_8,Part_2,FinProd_6,ComProd_9,Mkt_9,App_4,Agc_3,Com_9
01/08/2023,DE,CLT_26,0,ELS,Org_5,Part_7,FinProd_6,ComProd_9,Mkt_10,App_2,Agc_10,Com_5
01/01/2023,ES,CLT_27,1,ELS,Org_6,Part_2,FinProd_4,ComProd_10,Mkt_4,App_4,Agc_6,Com_7
01/09/2023,UK,CLT_28,1,BLS,Org_1,Part_8,FinProd_6,ComProd_5,Mkt_9,App_5,Agc_6,Com_4
01/10/2023,BE,CLT_29,0,ELS,Org_2,Part_7,FinProd_9,ComProd_9,Mkt_3,App_9,Agc_2,Com_6
01/09/2023,ES,CLT_30,1,BLS,Org_2,Part_6,FinProd_8,ComProd_2,Mkt_4,App_8,Agc_5,Com_6
01/05/2023,BE,CLT_31,0,TLS,Org_5,Part_6,FinProd_7,ComProd_8,Mkt_3,App_3,Agc_7,Com_3
01/03/2023,FR,CLT_32,0,ELS,Org_7,Part_6,FinProd_3,ComProd_8,Mkt_9,App_6,Agc_8,Com_3
01/04/2023,DE,CLT_33,1,ELS,Org_3,Part_4,FinProd_4,ComProd_2,Mkt_3,App_7,Agc_9,Com_1
01/11/2023,NL,CLT_34,1,BLS,Org_5,Part_5,FinProd_4,ComProd_8,Mkt_5,App_5,Agc_9,Com_9
01/03/2023,IT,CLT_35,0,TLS,Org_4,Part_2,FinProd_7,ComProd_10,Mkt_7,App_10,Agc_3,Com_4
01/05/2023,UK,CLT_36,0,BLS,Org_9,Part_2,FinProd_4,ComProd_8,Mkt_1,App_10,Agc_5,Com_6
01/12/2023,UK,CLT_37,0,BLS,Org_7,Part_6,FinProd_9,ComProd_9,Mkt_7,App_3,Agc_8,Com_5
01/01/2023,DE,CLT_38,1,ELS,Org_3,Part_2,FinProd_2,ComProd_3,Mkt_9,App_5,Agc_6,Com_8
01/06/2023,BE,CLT_39,1,ELS,Org_10,Part_9,FinProd_3,ComProd_3,Mkt_6,App_8,Agc_8,Com_7
01/07/2023,NL,CLT_40,1,ELS,Org_9,Part_6,FinProd_1,ComProd_9,Mkt_10,App_1,Agc_5,Com_1
01/10/2023,DE,CLT_41,0,TLS,Org_4,Part_8,FinProd_5,ComProd_7,Mkt_7,App_9,Agc_2,Com_4
01/12/2023,IT,CLT_42,1,TLS,Org_8,Part_5,FinProd_7,ComProd_10,Mkt_5,App_4,Agc_9,Com_1
01/03/2023,DE,CLT_43,0,ELS,Org_1,Part_5,FinProd_7,ComProd_9,Mkt_5,App_4,Agc_2,Com_9
01/03/2023,IT,CLT_44,0,BLS,Org_4,Part_5,FinProd_1,ComProd_2,Mkt_3,App_7,Agc_1,Com_1
01/06/2023,FR,CLT_45,0,TLS,Org_9,Part_3,FinProd_9,ComProd_7,Mkt_4,App_6,Agc_2,Com_8
01/03/2023,NL,CLT_46,0,TLS,Org_3,Part_10,FinProd_4,ComProd_7,Mkt_1,App_5,Agc_3,Com_1
01/03/2023,NL,CLT_47,0,BLS,Org_8,Part_4,FinProd_4,ComProd_3,Mkt_1,App_10,Agc_6,Com_9
01/05/2023,IT,CLT_48,1,TLS,Org_3,Part_6,FinProd_10,ComProd_5,Mkt_10,App_2,Agc_10,Com_4
01/12/2023,ES,CLT_49,1,BLS,Org_6,Part_6,FinProd_2,ComProd_9,Mkt_8,App_5,Agc_10,Com_8
01/01/2023,BE,CLT_50,0,BLS,Org_4,Part_6,FinProd_10,ComProd_3,Mkt_2,App_2,Agc_2,Com_8
01/04/2023,NL,CLT_51,0,TLS,Org_2,Part_6,FinProd_8,ComProd_9,Mkt_9,App_8,Agc_8,Com_1
01/08/2023,NL,CLT_52,0,ELS,Org_6,Part_3,FinProd_6,ComProd_9,Mkt_7,App_10,Agc_4,Com_9
01/09/2023,FR,CLT_53,0,TLS,Org_5,Part_5,FinProd_10,ComProd_2,Mkt_8,App_6,Agc_8,Com_4
01/01/2023,BE,CLT_54,1,TLS,Org_2,Part_10,FinProd_10,ComProd_2,Mkt_1,App_1,Agc_2,Com_1
01/01/2023,ES,CLT_55,1,ELS,Org_6,Part_7,FinProd_4,ComProd_6,Mkt_1,App_6,Agc_4,Com_7
01/12/2023,UK,CLT_56,0,ELS,Org_6,Part_10,FinProd_7,ComProd_1,Mkt_6,App_3,Agc_10,Com_6
01/03/2023,BE,CLT_57,1,TLS,Org_5,Part_7,FinProd_8,ComProd_6,Mkt_1,App_6,Agc_8,Com_6
01/08/2023,UK,CLT_58,1,ELS,Org_6,Part_10,FinProd_10,ComProd_7,Mkt_3,App_1,Agc_1,Com_9
01/04/2023,BE,CLT_59,1,TLS,Org_2,Part_2,FinProd_4,ComProd_8,Mkt_5,App_5,Agc_7,Com_5
01/08/2023,DE,CLT_60,1,BLS,Org_10,Part_8,FinProd_5,ComProd_8,Mkt_5,App_5,Agc_4,Com_5
01/04/2023,NL,CLT_61,0,TLS,Org_5,Part_9,FinProd_10,ComProd_5,Mkt_6,App_2,Agc_5,Com_10
01/07/2023,FR,CLT_62,1,ELS,Org_4,Part_3,FinProd_1,ComProd_4,Mkt_2,App_3,Agc_10,Com_4
01/02/2023,DE,CLT_63,0,TLS,Org_2,Part_3,FinProd_8,ComProd_5,Mkt_3,App_2,Agc_2,Com_5
01/01/2023,BE,CLT_64,1,ELS,Org_9,Part_9,FinProd_6,ComProd_4,Mkt_7,App_6,Agc_4,Com_8
01/10/2023,ES,CLT_65,0,ELS,Org_6,Part_1,FinProd_8,ComProd_4,Mkt_7,App_2,Agc_1,Com_9
01/07/2023,BE,CLT_66,1,BLS,Org_9,Part_3,FinProd_9,ComProd_8,Mkt_4,App_1,Agc_8,Com_3
01/08/2023,ES,CLT_67,0,TLS,Org_3,Part_3,FinProd_9,ComProd_10,Mkt_2,App_3,Agc_8,Com_4
01/12/2023,BE,CLT_68,0,TLS,Org_10,Part_9,FinProd_1,ComProd_1,Mkt_4,App_8,Agc_5,Com_2
01/06/2023,FR,CLT_69,0,TLS,Org_7,Part_10,FinProd_7,ComProd_1,Mkt_7,App_4,Agc_7,Com_2
01/09/2023,ES,CLT_70,1,ELS,Org_2,Part_2,FinProd_6,ComProd_4,Mkt_2,App_3,Agc_5,Com_9
01/03/2023,NL,CLT_71,1,ELS,Org_3,Part_7,FinProd_9,ComProd_9,Mkt_4,App_3,Agc_5,Com_9
01/11/2023,FR,CLT_72,0,TLS,Org_8,Part_7,FinProd_10,ComProd_2,Mkt_4,App_5,Agc_4,Com_10
01/08/2023,FR,CLT_73,1,TLS,Org_6,Part_2,FinProd_3,ComProd_8,Mkt_4,App_5,Agc_9,Com_8
01/11/2023,NL,CLT_74,0,BLS,Org_9,Part_4,FinProd_9,ComProd_1,Mkt_5,App_4,Agc_5,Com_8
01/03/2023,FR,CLT_75,1,ELS,Org_3,Part_8,FinProd_5,ComProd_9,Mkt_9,App_10,Agc_2,Com_5
01/04/2023,NL,CLT_76,0,BLS,Org_7,Part_3,FinProd_8,ComProd_4,Mkt_9,App_3,Agc_3,Com_10
01/10/2023,BE,CLT_77,1,ELS,Org_2,Part_1,FinProd_7,ComProd_6,Mkt_7,App_2,Agc_1,Com_6
01/08/2023,IT,CLT_78,1,BLS,Org_6,Part_3,FinProd_8,ComProd_2,Mkt_6,App_8,Agc_2,Com_2
01/12/2023,ES,CLT_79,1,BLS,Org_5,Part_7,FinProd_8,ComProd_6,Mkt_6,App_7,Agc_2,Com_8
01/06/2023,IT,CLT_80,1,ELS,Org_10,Part_9,FinProd_4,ComProd_3,Mkt_5,App_4,Agc_6,Com_2
01/09/2023,UK,CLT_81,1,ELS,Org_2,Part_7,FinProd_2,ComProd_6,Mkt_6,App_8,Agc_7,Com_9
01/12/2023,FR,CLT_82,1,TLS,Org_5,Part_6,FinProd_2,ComProd_3,Mkt_8,App_4,Agc_8,Com_8
01/06/2023,BE,CLT_83,0,TLS,Org_5,Part_3,FinProd_9,ComProd_3,Mkt_1,App_9,Agc_4,Com_6
01/08/2023,DE,CLT_84,1,TLS,Org_6,Part_3,FinProd_5,ComProd_2,Mkt_2,App_1,Agc_3,Com_10
01/04/2023,IT,CLT_85,1,TLS,Org_7,Part_2,FinProd_4,ComProd_7,Mkt_10,App_3,Agc_5,Com_9
01/12/2023,NL,CLT_86,0,TLS,Org_2,Part_8,FinProd_6,ComProd_5,Mkt_8,App_1,Agc_10,Com_2
01/08/2023,UK,CLT_87,0,ELS,Org_2,Part_9,FinProd_1,ComProd_9,Mkt_8,App_1,Agc_3,Com_5
01/06/2023,IT,CLT_88,1,ELS,Org_10,Part_2,FinProd_6,ComProd_3,Mkt_5,App_2,Agc_4,Com_6
01/03/2023,FR,CLT_89,1,ELS,Org_10,Part_1,FinProd_8,ComProd_5,Mkt_7,App_1,Agc_5,Com_4
01/12/2023,IT,CLT_90,1,BLS,Org_4,Part_8,FinProd_2,ComProd_3,Mkt_7,App_6,Agc_10,Com_7
01/01/2023,IT,CLT_91,1,TLS,Org_2,Part_10,FinProd_10,ComProd_6,Mkt_7,App_5,Agc_1,Com_4
01/01/2023,NL,CLT_92,1,BLS,Org_7,Part_1,FinProd_10,ComProd_5,Mkt_2,App_4,Agc_4,Com_5
01/03/2023,FR,CLT_93,1,TLS,Org_9,Part_8,FinProd_5,ComProd_5,Mkt_8,App_3,Agc_2,Com_3
01/09/2023,FR,CLT_94,1,ELS,Org_6,Part_3,FinProd_7,ComProd_9,Mkt_4,App_6,Agc_7,Com_1
01/09/2023,DE,CLT_95,1,TLS,Org_4,Part_6,FinProd_9,ComProd_9,Mkt_5,App_8,Agc_6,Com_3
01/04/2023,DE,CLT_96,0,TLS,Org_6,Part_8,FinProd_9,ComProd_8,Mkt_6,App_10,Agc_8,Com_7
01/04/2023,BE,CLT_97,1,ELS,Org_8,Part_10,FinProd_9,ComProd_2,Mkt_2,App_1,Agc_1,Com_3
01/08/2023,BE,CLT_98,0,TLS,Org_10,Part_10,FinProd_10,ComProd_9,Mkt_7,App_5,Agc_3,Com_5
01/12/2023,DE,CLT_99,1,ELS,Org_2,Part_3,FinProd_4,ComProd_8,Mkt_8,App_9,Agc_2,Com_8
01/08/2023,NL,CLT_100,1,BLS,Org_1,Part_10,FinProd_2,ComProd_8,Mkt_1,App_7,Agc_2,Com_9
01/04/2023,UK,CLT_101,0,BLS,Org_10,Part_10,FinProd_5,ComProd_5,Mkt_9,App_7,Agc_8,Com_2
01/07/2023,IT,CLT_102,0,TLS,Org_5,Part_8,FinProd_1,ComProd_3,Mkt_9,App_5,Agc_9,Com_7
01/01/2023,FR,CLT_103,0,TLS,Org_9,Part_3,FinProd_4,ComProd_6,Mkt_5,App_10,Agc_8,Com_8
01/07/2023,IT,CLT_104,0,BLS,Org_1,Part_4,FinProd_5,ComProd_5,Mkt_2,App_9,Agc_9,Com_2
01/02/2023,ES,CLT_105,0,TLS,Org_4,Part_6,FinProd_2,ComProd_4,Mkt_5,App_6,Agc_3,Com_7
01/10/2023,ES,CLT_106,0,BLS,Org_7,Part_6,FinProd_8,ComProd_8,Mkt_6,App_6,Agc_8,Com_5
01/09/2023,DE,CLT_107,1,ELS,Org_4,Part_5,FinProd_9,ComProd_9,Mkt_7,App_10,Agc_8,Com_5
01/04/2023,FR,CLT_108,1,ELS,Org_5,Part_6,FinProd_3,ComProd_5,Mkt_10,App_7,Agc_5,Com_4
01/08/2023,NL,CLT_109,1,ELS,Org_10,Part_2,FinProd_3,ComProd_2,Mkt_7,App_5,Agc_6,Com_2
01/10/2023,IT,CLT_110,1,ELS,Org_4,Part_10,FinProd_3,ComProd_6,Mkt_1,App_1,Agc_5,Com_7
01/08/2023,IT,CLT_111,1,ELS,Org_10,Part_8,FinProd_5,ComProd_6,Mkt_7,App_9,Agc_9,Com_4
01/06/2023,NL,CLT_112,0,BLS,Org_9,Part_9,FinProd_8,ComProd_6,Mkt_8,App_9,Agc_2,Com_7
01/06/2023,ES,CLT_113,1,BLS,Org_6,Part_9,FinProd_5,ComProd_2,Mkt_8,App_6,Agc_6,Com_4
01/05/2023,NL,CLT_114,1,BLS,Org_10,Part_8,FinProd_2,ComProd_2,Mkt_7,App_10,Agc_9,Com_9
01/12/2023,UK,CLT_115,1,TLS,Org_8,Part_2,FinProd_8,ComProd_2,Mkt_6,App_2,Agc_2,Com_7
01/07/2023,IT,CLT_116,1,TLS,Org_7,Part_4,FinProd_6,ComProd_9,Mkt_6,App_1,Agc_3,Com_8
01/10/2023,DE,CLT_117,0,TLS,Org_3,Part_3,FinProd_8,ComProd_7,Mkt_3,App_6,Agc_9,Com_4
01/05/2023,FR,CLT_118,0,BLS,Org_8,Part_4,FinProd_9,ComProd_3,Mkt_7,App_4,Agc_6,Com_5
01/08/2023,FR,CLT_119,1,BLS,Org_6,Part_2,FinProd_2,ComProd_2,Mkt_1,App_9,Agc_10,Com_1
01/07/2023,ES,CLT_120,0,BLS,Org_9,Part_3,FinProd_2,ComProd_5,Mkt_5,App_4,Agc_9,Com_6
01/07/2023,UK,CLT_121,1,BLS,Org_10,Part_5,FinProd_8,ComProd_9,Mkt_1,App_9,Agc_3,Com_4
01/04/2023,IT,CLT_122,0,TLS,Org_3,Part_10,FinProd_5,ComProd_5,Mkt_2,App_7,Agc_9,Com_3
01/08/2023,FR,CLT_123,0,ELS,Org_7,Part_9,FinProd_4,ComProd_3,Mkt_6,App_8,Agc_5,Com_1
01/09/2023,ES,CLT_124,1,BLS,Org_3,Part_2,FinProd_5,ComProd_3,Mkt_10,App_9,Agc_6,Com_6
01/05/2023,NL,CLT_125,1,BLS,Org_7,Part_4,FinProd_8,ComProd_1,Mkt_5,App_2,Agc_6,Com_2
01/04/2023,IT,CLT_126,1,TLS,Org_10,Part_6,FinProd_9,ComProd_8,Mkt_5,App_3,Agc_2,Com_6
01/12/2023,UK,CLT_127,1,ELS,Org_7,Part_4,FinProd_6,ComProd_2,Mkt_2,App_6,Agc_2,Com_3
01/07/2023,UK,CLT_128,1,ELS,Org_3,Part_5,FinProd_5,ComProd_1,Mkt_5,App_1,Agc_1,Com_6
01/12/2023,DE,CLT_129,0,ELS,Org_7,Part_10,FinProd_5,ComProd_8,Mkt_1,App_7,Agc_5,Com_7
01/04/2023,IT,CLT_130,1,TLS,Org_9,Part_7,FinProd_9,ComProd_6,Mkt_3,App_10,Agc_3,Com_7
01/10/2023,BE,CLT_131,1,ELS,Org_3,Part_1,FinProd_3,ComProd_10,Mkt_8,App_3,Agc_1,Com_7
01/04/2023,IT,CLT_132,0,TLS,Org_6,Part_1,FinProd_1,ComProd_3,Mkt_1,App_4,Agc_4,Com_2
01/01/2023,UK,CLT_133,1,BLS,Org_6,Part_5,FinProd_10,ComProd_7,Mkt_2,App_3,Agc_3,Com_5
01/07/2023,FR,CLT_134,1,TLS,Org_9,Part_2,FinProd_1,ComProd_1,Mkt_7,App_9,Agc_5,Com_2
01/12/2023,UK,CLT_135,1,TLS,Org_8,Part_6,FinProd_2,ComProd_8,Mkt_5,App_6,Agc_10,Com_1
01/07/2023,ES,CLT_136,0,ELS,Org_1,Part_4,FinProd_4,ComProd_1,Mkt_6,App_10,Agc_9,Com_10
01/03/2023,FR,CLT_137,1,TLS,Org_2,Part_1,FinProd_2,ComProd_1,Mkt_10,App_6,Agc_2,Com_8
01/03/2023,FR,CLT_138,1,TLS,Org_4,Part_1,FinProd_4,ComProd_4,Mkt_9,App_10,Agc_4,Com_6
01/08/2023,ES,CLT_139,0,TLS,Org_7,Part_2,FinProd_7,ComProd_4,Mkt_4,App_3,Agc_4,Com_4
01/01/2023,UK,CLT_140,0,ELS,Org_7,Part_6,FinProd_1,ComProd_7,Mkt_2,App_10,Agc_2,Com_5
01/12/2023,DE,CLT_141,0,BLS,Org_5,Part_10,FinProd_10,ComProd_1,Mkt_1,App_2,Agc_9,Com_1
01/04/2023,BE,CLT_142,1,TLS,Org_2,Part_6,FinProd_8,ComProd_4,Mkt_4,App_8,Agc_10,Com_6
01/12/2023,IT,CLT_143,0,TLS,Org_5,Part_8,FinProd_9,ComProd_2,Mkt_1,App_9,Agc_10,Com_2
01/06/2023,BE,CLT_144,0,BLS,Org_3,Part_1,FinProd_4,ComProd_5,Mkt_3,App_10,Agc_3,Com_6
01/01/2023,DE,CLT_145,0,ELS,Org_5,Part_7,FinProd_9,ComProd_4,Mkt_4,App_5,Agc_9,Com_9
01/12/2023,BE,CLT_146,1,BLS,Org_3,Part_10,FinProd_9,ComProd_10,Mkt_1,App_7,Agc_2,Com_10
01/10/2023,DE,CLT_147,0,BLS,Org_1,Part_9,FinProd_4,ComProd_1,Mkt_7,App_5,Agc_7,Com_4
01/08/2023,FR,CLT_148,1,BLS,Org_8,Part_4,FinProd_1,ComProd_2,Mkt_1,App_2,Agc_2,Com_9
01/03/2023,UK,CLT_149,1,TLS,Org_4,Part_3,FinProd_6,ComProd_1,Mkt_6,App_9,Agc_9,Com_9
01/09/2023,ES,CLT_150,0,TLS,Org_5,Part_4,FinProd_1,ComProd_3,Mkt_3,App_3,Agc_4,Com_8
01/07/2023,UK,CLT_151,0,BLS,Org_9,Part_2,FinProd_3,ComProd_6,Mkt_4,App_7,Agc_3,Com_1
01/03/2023,DE,CLT_152,1,BLS,Org_6,Part_6,FinProd_10,ComProd_10,Mkt_5,App_1,Agc_7,Com_9
01/11/2023,BE,CLT_153,1,TLS,Org_8,Part_2,FinProd_7,ComProd_10,Mkt_2,App_4,Agc_4,Com_10
01/04/2023,NL,CLT_154,0,TLS,Org_8,Part_4,FinProd_1,ComProd_9,Mkt_10,App_6,Agc_7,Com_3
01/01/2023,DE,CLT_155,1,BLS,Org_3,Part_1,FinProd_5,ComProd_3,Mkt_5,App_2,Agc_7,Com_3
01/05/2023,FR,CLT_156,0,TLS,Org_1,Part_2,FinProd_4,ComProd_8,Mkt_4,App_9,Agc_10,Com_1
01/09/2023,BE,CLT_157,1,ELS,Org_3,Part_6,FinProd_4,ComProd_7,Mkt_5,App_6,Agc_8,Com_9
01/09/2023,UK,CLT_158,1,ELS,Org_1,Part_2,FinProd_2,ComProd_5,Mkt_5,App_1,Agc_8,Com_4
01/07/2023,UK,CLT_159,0,BLS,Org_9,Part_5,FinProd_7,ComProd_10,Mkt_10,App_1,Agc_7,Com_7
01/11/2023,FR,CLT_160,1,TLS,Org_3,Part_9,FinProd_8,ComProd_7,Mkt_2,App_3,Agc_6,Com_2
01/10/2023,ES,CLT_161,1,BLS,Org_5,Part_5,FinProd_7,ComProd_6,Mkt_2,App_1,Agc_8,Com_2
01/06/2023,IT,CLT_162,1,ELS,Org_10,Part_10,FinProd_5,ComProd_8,Mkt_9,App_1,Agc_3,Com_8
01/03/2023,ES,CLT_163,0,TLS,Org_2,Part_9,FinProd_2,ComProd_8,Mkt_5,App_3,Agc_3,Com_8
01/08/2023,IT,CLT_164,1,ELS,Org_1,Part_2,FinProd_4,ComProd_2,Mkt_2,App_3,Agc_8,Com_3
01/02/2023,DE,CLT_165,1,ELS,Org_6,Part_8,FinProd_3,ComProd_2,Mkt_8,App_3,Agc_4,Com_10
01/07/2023,BE,CLT_166,0,BLS,Org_8,Part_1,FinProd_3,ComProd_3,Mkt_1,App_6,Agc_6,Com_4
01/07/2023,ES,CLT_167,1,TLS,Org_6,Part_1,FinProd_5,ComProd_2,Mkt_8,App_10,Agc_8,Com_5
01/09/2023,IT,CLT_168,0,TLS,Org_8,Part_6,FinProd_3,ComProd_5,Mkt_3,App_1,Agc_9,Com_9
01/08/2023,ES,CLT_169,0,ELS,Org_7,Part_8,FinProd_7,ComProd_5,Mkt_7,App_7,Agc_3,Com_6
01/09/2023,NL,CLT_170,1,BLS,Org_1,Part_6,FinProd_9,ComProd_1,Mkt_8,App_6,Agc_2,Com_3
01/08/2023,NL,CLT_171,0,ELS,Org_5,Part_10,FinProd_4,ComProd_6,Mkt_1,App_7,Agc_2,Com_4
01/03/2023,NL,CLT_172,0,BLS,Org_9,Part_2,FinProd_7,ComProd_10,Mkt_4,App_5,Agc_2,Com_5
01/05/2023,UK,CLT_173,1,TLS,Org_2,Part_6,FinProd_8,ComProd_2,Mkt_3,App_4,Agc_1,Com_4
01/03/2023,UK,CLT_174,1,BLS,Org_7,Part_2,FinProd_1,ComProd_1,Mkt_3,App_1,Agc_9,Com_4
01/01/2023,IT,CLT_175,1,ELS,Org_8,Part_6,FinProd_8,ComProd_5,Mkt_2,App_8,Agc_10,Com_1
01/08/2023,BE,CLT_176,0,TLS,Org_1,Part_4,FinProd_9,ComProd_5,Mkt_3,App_6,Agc_10,Com_8
01/09/2023,DE,CLT_177,0,BLS,Org_5,Part_3,FinProd_3,ComProd_9,Mkt_9,App_7,Agc_2,Com_6
01/02/2023,ES,CLT_178,1,TLS,Org_3,Part_5,FinProd_2,ComProd_2,Mkt_5,App_9,Agc_5,Com_8
01/03/2023,NL,CLT_179,1,TLS,Org_2,Part_8,FinProd_5,ComProd_8,Mkt_8,App_9,Agc_2,Com_2
01/02/2023,BE,CLT_180,1,ELS,Org_2,Part_8,FinProd_1,ComProd_1,Mkt_3,App_3,Agc_4,Com_5
01/10/2023,NL,CLT_181,0,TLS,Org_1,Part_3,FinProd_5,ComProd_2,Mkt_7,App_4,Agc_6,Com_3
01/06/2023,IT,CLT_182,1,BLS,Org_4,Part_2,FinProd_5,ComProd_3,Mkt_3,App_2,Agc_1,Com_3
01/04/2023,IT,CLT_183,0,BLS,Org_10,Part_4,FinProd_3,ComProd_10,Mkt_7,App_1,Agc_9,Com_9
01/09/2023,IT,CLT_184,1,ELS,Org_5,Part_10,FinProd_6,ComProd_6,Mkt_10,App_1,Agc_10,Com_7
01/05/2023,FR,CLT_185,1,ELS,Org_6,Part_8,FinProd_4,ComProd_6,Mkt_2,App_8,Agc_3,Com_4
01/02/2023,ES,CLT_186,0,ELS,Org_2,Part_3,FinProd_4,ComProd_5,Mkt_2,App_5,Agc_8,Com_7
01/12/2023,BE,CLT_187,0,ELS,Org_1,Part_6,FinProd_1,ComProd_7,Mkt_3,App_7,Agc_10,Com_10
01/11/2023,DE,CLT_188,1,ELS,Org_4,Part_5,FinProd_9,ComProd_10,Mkt_9,App_3,Agc_3,Com_3
01/05/2023,FR,CLT_189,1,TLS,Org_6,Part_9,FinProd_5,ComProd_3,Mkt_10,App_2,Agc_9,Com_6
01/01/2023,ES,CLT_190,0,ELS,Org_6,Part_3,FinProd_6,ComProd_7,Mkt_2,App_1,Agc_6,Com_4
01/07/2023,FR,CLT_191,0,TLS,Org_3,Part_9,FinProd_5,ComProd_1,Mkt_3,App_1,Agc_6,Com_7
01/06/2023,FR,CLT_192,1,ELS,Org_8,Part_8,FinProd_10,ComProd_10,Mkt_3,App_10,Agc_9,Com_5
01/09/2023,FR,CLT_193,0,ELS,Org_7,Part_3,FinProd_2,ComProd_7,Mkt_3,App_3,Agc_8,Com_9
01/09/2023,FR,CLT_194,1,BLS,Org_3,Part_2,FinProd_4,ComProd_6,Mkt_10,App_7,Agc_9,Com_2
01/03/2023,DE,CLT_195,1,BLS,Org_4,Part_10,FinProd_10,ComProd_10,Mkt_7,App_8,Agc_3,Com_1
01/10/2023,DE,CLT_196,0,ELS,Org_4,Part_7,FinProd_5,ComProd_2,Mkt_8,App_10,Agc_9,Com_1
01/09/2023,DE,CLT_197,0,TLS,Org_1,Part_7,FinProd_4,ComProd_3,Mkt_1,App_2,Agc_8,Com_2
01/03/2023,NL,CLT_198,0,ELS,Org_10,Part_10,FinProd_5,ComProd_10,Mkt_6,App_6,Agc_1,Com_10
01/05/2023,BE,CLT_199,1,BLS,Org_3,Part_6,FinProd_7,ComProd_2,Mkt_9,App_5,Agc_10,Com_8
01/02/2023,DE,CLT_200,1,TLS,Org_2,Part_9,FinProd_6,ComProd_7,Mkt_3,App_2,Agc_6,Com_8
01/07/2023,DE,CLT_201,1,ELS,Org_2,Part_5,FinProd_8,ComProd_10,Mkt_6,App_3,Agc_6,Com_9
01/11/2023,ES,CLT_202,1,BLS,Org_2,Part_1,FinProd_3,ComProd_1,Mkt_4,App_4,Agc_8,Com_8
01/12/2023,BE,CLT_203,0,ELS,Org_3,Part_2,FinProd_7,ComProd_6,Mkt_5,App_10,Agc_8,Com_4
01/03/2023,IT,CLT_204,1,TLS,Org_1,Part_1,FinProd_9,ComProd_3,Mkt_7,App_10,Agc_8,Com_9
01/08/2023,DE,CLT_205,1,TLS,Org_5,Part_2,FinProd_6,ComProd_3,Mkt_2,App_3,Agc_4,Com_6
01/08/2023,BE,CLT_206,1,BLS,Org_2,Part_3,FinProd_10,ComProd_9,Mkt_1,App_4,Agc_1,Com_8
01/04/2023,IT,CLT_207,0,ELS,Org_5,Part_9,FinProd_3,ComProd_3,Mkt_10,App_9,Agc_4,Com_2
01/12/2023,BE,CLT_208,0,BLS,Org_2,Part_4,FinProd_2,ComProd_5,Mkt_1,App_2,Agc_7,Com_2
01/12/2023,FR,CLT_209,1,BLS,Org_1,Part_8,FinProd_2,ComProd_1,Mkt_8,App_6,Agc_7,Com_7
01/04/2023,BE,CLT_210,1,TLS,Org_7,Part_10,FinProd_9,ComProd_3,Mkt_9,App_9,Agc_8,Com_9
01/02/2023,FR,CLT_211,1,TLS,Org_10,Part_1,FinProd_4,ComProd_6,Mkt_1,App_6,Agc_8,Com_5
01/05/2023,FR,CLT_212,0,TLS,Org_2,Part_6,FinProd_10,ComProd_7,Mkt_4,App_2,Agc_3,Com_6
01/12/2023,UK,CLT_213,0,ELS,Org_5,Part_5,FinProd_3,ComProd_6,Mkt_4,App_4,Agc_1,Com_1
01/01/2023,UK,CLT_214,0,TLS,Org_7,Part_6,FinProd_4,ComProd_6,Mkt_6,App_8,Agc_9,Com_5
01/11/2023,NL,CLT_215,0,TLS,Org_1,Part_7,FinProd_8,ComProd_3,Mkt_8,App_3,Agc_9,Com_6
01/04/2023,UK,CLT_216,1,BLS,Org_7,Part_5,FinProd_9,ComProd_4,Mkt_7,App_3,Agc_5,Com_8
01/02/2023,DE,CLT_217,1,ELS,Org_8,Part_9,FinProd_3,ComProd_7,Mkt_7,App_1,Agc_4,Com_1
01/01/2023,UK,CLT_218,0,BLS,Org_3,Part_5,FinProd_10,ComProd_2,Mkt_2,App_9,Agc_8,Com_9
01/07/2023,NL,CLT_219,0,TLS,Org_9,Part_10,FinProd_5,ComProd_8,Mkt_7,App_6,Agc_3,Com_8
01/11/2023,UK,CLT_220,1,TLS,Org_10,Part_8,FinProd_8,ComProd_4,Mkt_8,App_6,Agc_6,Com_7
01/04/2023,IT,CLT_221,0,TLS,Org_9,Part_1,FinProd_8,ComProd_1,Mkt_1,App_6,Agc_6,Com_2
01/05/2023,DE,CLT_222,1,TLS,Org_5,Part_3,FinProd_6,ComProd_3,Mkt_5,App_5,Agc_6,Com_7
01/02/2023,ES,CLT_223,0,BLS,Org_7,Part_4,FinProd_3,ComProd_10,Mkt_10,App_5,Agc_4,Com_6
01/12/2023,BE,CLT_224,0,ELS,Org_2,Part_5,FinProd_8,ComProd_10,Mkt_9,App_2,Agc_2,Com_8
01/07/2023,IT,CLT_225,0,TLS,Org_8,Part_8,FinProd_8,ComProd_1,Mkt_5,App_5,Agc_7,Com_10
01/11/2023,DE,CLT_226,1,ELS,Org_5,Part_6,FinProd_8,ComProd_8,Mkt_6,App_1,Agc_10,Com_7
01/06/2023,ES,CLT_227,1,BLS,Org_4,Part_4,FinProd_8,ComProd_2,Mkt_4,App_9,Agc_2,Com_2
01/06/2023,FR,CLT_228,0,TLS,Org_5,Part_5,FinProd_10,ComProd_10,Mkt_3,App_8,Agc_7,Com_7
01/05/2023,FR,CLT_229,1,ELS,Org_8,Part_7,FinProd_7,ComProd_1,Mkt_5,App_5,Agc_3,Com_8
01/11/2023,ES,CLT_230,1,BLS,Org_7,Part_3,FinProd_5,ComProd_1,Mkt_6,App_10,Agc_9,Com_6
01/09/2023,IT,CLT_231,1,TLS,Org_10,Part_7,FinProd_8,ComProd_6,Mkt_9,App_5,Agc_1,Com_5
01/04/2023,NL,CLT_232,0,BLS,Org_6,Part_3,FinProd_4,ComProd_9,Mkt_4,App_8,Agc_6,Com_6
01/07/2023,BE,CLT_233,0,ELS,Org_9,Part_7,FinProd_2,ComProd_1,Mkt_10,App_10,Agc_8,Com_2
01/10/2023,IT,CLT_234,1,BLS,Org_1,Part_8,FinProd_9,ComProd_7,Mkt_2,App_6,Agc_1,Com_9
01/05/2023,NL,CLT_235,0,TLS,Org_3,Part_3,FinProd_9,ComProd_7,Mkt_10,App_5,Agc_7,Com_7
01/07/2023,FR,CLT_236,1,BLS,Org_3,Part_3,FinProd_3,ComProd_6,Mkt_4,App_1,Agc_6,Com_3
01/09/2023,IT,CLT_237,1,BLS,Org_9,Part_9,FinProd_9,ComProd_1,Mkt_2,App_5,Agc_8,Com_9
01/06/2023,UK,CLT_238,0,TLS,Org_7,Part_5,FinProd_5,ComProd_3,Mkt_4,App_2,Agc_5,Com_3
01/02/2023,DE,CLT_239,1,ELS,Org_10,Part_6,FinProd_2,ComProd_8,Mkt_2,App_7,Agc_7,Com_6
01/11/2023,ES,CLT_240,1,BLS,Org_8,Part_9,FinProd_5,ComProd_1,Mkt_8,App_9,Agc_5,Com_6
01/12/2023,ES,CLT_241,1,TLS,Org_7,Part_8,FinProd_7,ComProd_3,Mkt_9,App_5,Agc_9,Com_9
01/08/2023,BE,CLT_242,1,TLS,Org_3,Part_4,FinProd_7,ComProd_7,Mkt_7,App_10,Agc_5,Com_2
01/03/2023,UK,CLT_243,0,ELS,Org_5,Part_5,FinProd_9,ComProd_5,Mkt_10,App_1,Agc_6,Com_1
01/10/2023,ES,CLT_244,0,ELS,Org_4,Part_2,FinProd_6,ComProd_9,Mkt_9,App_4,Agc_1,Com_3
01/11/2023,FR,CLT_245,0,ELS,Org_7,Part_3,FinProd_1,ComProd_7,Mkt_7,App_6,Agc_6,Com_3
01/01/2023,NL,CLT_246,1,TLS,Org_8,Part_9,FinProd_2,ComProd_4,Mkt_4,App_9,Agc_8,Com_8
01/05/2023,DE,CLT_247,0,TLS,Org_5,Part_4,FinProd_7,ComProd_7,Mkt_7,App_8,Agc_8,Com_1
01/05/2023,FR,CLT_248,0,BLS,Org_7,Part_3,FinProd_4,ComProd_8,Mkt_4,App_4,Agc_1,Com_6
01/08/2023,NL,CLT_249,1,TLS,Org_4,Part_8,FinProd_10,ComProd_9,Mkt_9,App_3,Agc_8,Com_4
01/07/2023,UK,CLT_250,1,BLS,Org_6,Part_9,FinProd_3,ComProd_9,Mkt_5,App_10,Agc_10,Com_9
01/09/2023,FR,CLT_251,0,BLS,Org_4,Part_8,FinProd_3,ComProd_4,Mkt_7,App_9,Agc_4,Com_5
01/11/2023,NL,CLT_252,1,TLS,Org_4,Part_2,FinProd_5,ComProd_9,Mkt_8,App_10,Agc_7,Com_7
01/10/2023,NL,CLT_253,1,ELS,Org_9,Part_5,FinProd_8,ComProd_6,Mkt_9,App_3,Agc_7,Com_8
01/09/2023,IT,CLT_254,0,ELS,Org_3,Part_10,FinProd_2,ComProd_10,Mkt_1,App_2,Agc_2,Com_5
01/08/2023,FR,CLT_255,0,TLS,Org_10,Part_10,FinProd_8,ComProd_10,Mkt_2,App_7,Agc_4,Com_9
01/04/2023,UK,CLT_256,0,BLS,Org_5,Part_8,FinProd_5,ComProd_9,Mkt_1,App_7,Agc_6,Com_4
01/09/2023,NL,CLT_257,1,ELS,Org_3,Part_7,FinProd_2,ComProd_9,Mkt_4,App_1,Agc_10,Com_4
01/12/2023,ES,CLT_258,0,TLS,Org_2,Part_7,FinProd_7,ComProd_4,Mkt_4,App_6,Agc_4,Com_9
01/05/2023,FR,CLT_259,1,BLS,Org_5,Part_3,FinProd_2,ComProd_10,Mkt_6,App_3,Agc_6,Com_8
01/07/2023,FR,CLT_260,0,BLS,Org_5,Part_8,FinProd_1,ComProd_2,Mkt_1,App_2,Agc_10,Com_10
01/12/2023,FR,CLT_261,0,ELS,Org_6,Part_10,FinProd_1,ComProd_3,Mkt_9,App_6,Agc_10,Com_1
01/12/2023,DE,CLT_262,1,ELS,Org_10,Part_8,FinProd_10,ComProd_1,Mkt_1,App_6,Agc_2,Com_7
01/12/2023,FR,CLT_263,0,ELS,Org_2,Part_9,FinProd_10,ComProd_6,Mkt_10,App_6,Agc_4,Com_5
01/11/2023,ES,CLT_264,1,BLS,Org_8,Part_5,FinProd_8,ComProd_4,Mkt_1,App_4,Agc_4,Com_7
01/05/2023,DE,CLT_265,1,TLS,Org_8,Part_8,FinProd_1,ComProd_2,Mkt_6,App_6,Agc_1,Com_4
01/06/2023,DE,CLT_266,0,TLS,Org_4,Part_4,FinProd_3,ComProd_8,Mkt_5,App_2,Agc_3,Com_9
01/09/2023,ES,CLT_267,0,TLS,Org_6,Part_5,FinProd_9,ComProd_2,Mkt_7,App_1,Agc_10,Com_7
01/04/2023,IT,CLT_268,0,BLS,Org_1,Part_4,FinProd_2,ComProd_10,Mkt_1,App_1,Agc_3,Com_2
01/12/2023,ES,CLT_269,0,ELS,Org_4,Part_1,FinProd_1,ComProd_10,Mkt_10,App_5,Agc_8,Com_3
01/11/2023,NL,CLT_270,1,TLS,Org_4,Part_8,FinProd_7,ComProd_9,Mkt_3,App_1,Agc_2,Com_8
01/04/2023,NL,CLT_271,1,TLS,Org_10,Part_4,FinProd_10,ComProd_1,Mkt_4,App_10,Agc_2,Com_3
01/08/2023,FR,CLT_272,1,TLS,Org_4,Part_6,FinProd_6,ComProd_7,Mkt_6,App_10,Agc_10,Com_8
01/01/2023,UK,CLT_273,0,ELS,Org_8,Part_10,FinProd_8,ComProd_1,Mkt_7,App_6,Agc_5,Com_7
01/12/2023,DE,CLT_274,1,ELS,Org_10,Part_4,FinProd_4,ComProd_3,Mkt_4,App_6,Agc_3,Com_10
01/10/2023,UK,CLT_275,0,BLS,Org_8,Part_8,FinProd_4,ComProd_3,Mkt_5,App_10,Agc_5,Com_2
01/08/2023,UK,CLT_276,1,TLS,Org_3,Part_10,FinProd_9,ComProd_7,Mkt_3,App_5,Agc_4,Com_5
01/09/2023,BE,CLT_277,0,TLS,Org_3,Part_5,FinProd_6,ComProd_9,Mkt_8,App_6,Agc_3,Com_8
01/02/2023,DE,CLT_278,0,BLS,Org_5,Part_3,FinProd_8,ComProd_6,Mkt_8,App_8,Agc_2,Com_2
01/10/2023,DE,CLT_279,0,TLS,Org_4,Part_1,FinProd_5,ComProd_7,Mkt_6,App_8,Agc_7,Com_8
01/12/2023,NL,CLT_280,1,BLS,Org_4,Part_8,FinProd_9,ComProd_4,Mkt_6,App_5,Agc_8,Com_7
01/08/2023,DE,CLT_281,1,ELS,Org_4,Part_8,FinProd_3,ComProd_4,Mkt_4,App_3,Agc_3,Com_10
01/09/2023,ES,CLT_282,1,ELS,Org_10,Part_1,FinProd_3,ComProd_7,Mkt_4,App_2,Agc_4,Com_2
01/10/2023,ES,CLT_283,0,ELS,Org_10,Part_3,FinProd_3,ComProd_1,Mkt_7,App_10,Agc_2,Com_7
01/11/2023,DE,CLT_284,1,ELS,Org_5,Part_5,FinProd_3,ComProd_4,Mkt_6,App_1,Agc_2,Com_5
01/12/2023,ES,CLT_285,1,BLS,Org_9,Part_8,FinProd_1,ComProd_7,Mkt_5,App_7,Agc_5,Com_4
01/07/2023,DE,CLT_286,0,TLS,Org_8,Part_1,FinProd_3,ComProd_5,Mkt_1,App_8,Agc_1,Com_8
01/02/2023,ES,CLT_287,0,TLS,Org_1,Part_1,FinProd_6,ComProd_3,Mkt_10,App_2,Agc_3,Com_10
01/12/2023,FR,CLT_288,0,ELS,Org_1,Part_1,FinProd_9,ComProd_8,Mkt_10,App_3,Agc_9,Com_10
01/07/2023,IT,CLT_289,0,ELS,Org_3,Part_9,FinProd_8,ComProd_3,Mkt_2,App_4,Agc_10,Com_2
01/08/2023,IT,CLT_290,0,TLS,Org_6,Part_5,FinProd_3,ComProd_6,Mkt_4,App_8,Agc_9,Com_9
01/05/2023,IT,CLT_291,0,BLS,Org_6,Part_5,FinProd_10,ComProd_1,Mkt_2,App_3,Agc_10,Com_5
01/03/2023,IT,CLT_292,0,TLS,Org_5,Part_3,FinProd_6,ComProd_9,Mkt_2,App_5,Agc_6,Com_3
01/01/2023,IT,CLT_293,1,TLS,Org_2,Part_6,FinProd_9,ComProd_1,Mkt_10,App_4,Agc_4,Com_7
01/06/2023,NL,CLT_294,0,BLS,Org_7,Part_10,FinProd_10,ComProd_8,Mkt_10,App_8,Agc_1,Com_5
01/08/2023,FR,CLT_295,0,ELS,Org_5,Part_6,FinProd_9,ComProd_5,Mkt_9,App_6,Agc_9,Com_3
01/06/2023,BE,CLT_296,0,BLS,Org_2,Part_1,FinProd_7,ComProd_9,Mkt_4,App_9,Agc_7,Com_7
01/10/2023,DE,CLT_297,1,ELS,Org_7,Part_3,FinProd_2,ComProd_5,Mkt_3,App_5,Agc_5,Com_9
01/12/2023,UK,CLT_298,0,ELS,Org_8,Part_9,FinProd_10,ComProd_1,Mkt_9,App_2,Agc_10,Com_8
01/08/2023,FR,CLT_299,0,BLS,Org_8,Part_5,FinProd_5,ComProd_10,Mkt_8,App_10,Agc_7,Com_2
01/08/2023,FR,CLT_300,1,ELS,Org_10,Part_1,FinProd_6,ComProd_5,Mkt_7,App_7,Agc_5,Com_8
01/11/2023,FR,CLT_301,0,BLS,Org_7,Part_10,FinProd_6,ComProd_3,Mkt_5,App_4,Agc_10,Com_1
01/11/2023,IT,CLT_302,1,BLS,Org_8,Part_2,FinProd_7,ComProd_8,Mkt_3,App_9,Agc_4,Com_3
01/11/2023,IT,CLT_303,1,TLS,Org_3,Part_2,FinProd_8,ComProd_4,Mkt_7,App_8,Agc_3,Com_10
01/11/2023,BE,CLT_304,1,ELS,Org_7,Part_2,FinProd_9,ComProd_2,Mkt_8,App_3,Agc_10,Com_3
01/11/2023,FR,CLT_305,1,TLS,Org_6,Part_7,FinProd_5,ComProd_4,Mkt_2,App_1,Agc_10,Com_9
01/09/2023,UK,CLT_306,1,BLS,Org_10,Part_8,FinProd_4,ComProd_6,Mkt_8,App_5,Agc_6,Com_1
01/02/2023,NL,CLT_307,0,TLS,Org_4,Part_3,FinProd_2,ComProd_3,Mkt_4,App_1,Agc_3,Com_9
01/09/2023,ES,CLT_308,0,ELS,Org_9,Part_2,FinProd_7,ComProd_4,Mkt_9,App_9,Agc_6,Com_5
01/10/2023,IT,CLT_309,0,ELS,Org_10,Part_8,FinProd_4,ComProd_4,Mkt_8,App_6,Agc_6,Com_4
01/07/2023,UK,CLT_310,0,TLS,Org_5,Part_6,FinProd_3,ComProd_7,Mkt_8,App_6,Agc_8,Com_9
01/10/2023,UK,CLT_311,0,ELS,Org_8,Part_3,FinProd_1,ComProd_7,Mkt_8,App_3,Agc_2,Com_1
01/01/2023,BE,CLT_312,0,ELS,Org_2,Part_4,FinProd_7,ComProd_5,Mkt_9,App_6,Agc_3,Com_4
01/03/2023,IT,CLT_313,1,ELS,Org_8,Part_8,FinProd_5,ComProd_1,Mkt_3,App_6,Agc_8,Com_6
01/08/2023,ES,CLT_314,0,BLS,Org_8,Part_7,FinProd_4,ComProd_9,Mkt_2,App_8,Agc_10,Com_4
01/11/2023,UK,CLT_315,1,BLS,Org_6,Part_9,FinProd_3,ComProd_9,Mkt_9,App_2,Agc_7,Com_5
01/02/2023,BE,CLT_316,0,ELS,Org_1,Part_6,FinProd_6,ComProd_5,Mkt_10,App_10,Agc_9,Com_2
01/12/2023,NL,CLT_317,0,ELS,Org_4,Part_1,FinProd_8,ComProd_9,Mkt_8,App_5,Agc_10,Com_7
01/05/2023,UK,CLT_318,0,TLS,Org_10,Part_4,FinProd_5,ComProd_3,Mkt_7,App_5,Agc_6,Com_9
01/05/2023,UK,CLT_319,0,ELS,Org_8,Part_9,FinProd_9,ComProd_6,Mkt_5,App_5,Agc_1,Com_1
01/09/2023,DE,CLT_320,0,BLS,Org_6,Part_3,FinProd_7,ComProd_9,Mkt_8,App_8,Agc_10,Com_9
01/08/2023,FR,CLT_321,1,BLS,Org_4,Part_3,FinProd_5,ComProd_6,Mkt_5,App_5,Agc_3,Com_5
01/07/2023,FR,CLT_322,0,BLS,Org_7,Part_10,FinProd_6,ComProd_1,Mkt_3,App_8,Agc_7,Com_4
01/07/2023,IT,CLT_323,0,BLS,Org_2,Part_4,FinProd_7,ComProd_6,Mkt_1,App_3,Agc_6,Com_1
01/06/2023,UK,CLT_324,1,ELS,Org_8,Part_10,FinProd_10,ComProd_6,Mkt_6,App_6,Agc_1,Com_8
01/06/2023,DE,CLT_325,1,ELS,Org_9,Part_9,FinProd_7,ComProd_8,Mkt_5,App_2,Agc_1,Com_8
01/08/2023,BE,CLT_326,1,BLS,Org_6,Part_7,FinProd_5,ComProd_6,Mkt_5,App_5,Agc_7,Com_5
01/12/2023,ES,CLT_327,0,TLS,Org_5,Part_9,FinProd_9,ComProd_3,Mkt_2,App_10,Agc_8,Com_10
01/12/2023,DE,CLT_328,0,TLS,Org_2,Part_1,FinProd_9,ComProd_7,Mkt_9,App_3,Agc_8,Com_4
01/07/2023,ES,CLT_329,1,BLS,Org_10,Part_9,FinProd_4,ComProd_2,Mkt_1,App_7,Agc_1,Com_5
01/03/2023,FR,CLT_330,0,ELS,Org_3,Part_6,FinProd_4,ComProd_6,Mkt_10,App_3,Agc_7,Com_3
01/10/2023,FR,CLT_331,0,ELS,Org_6,Part_3,FinProd_10,ComProd_3,Mkt_5,App_9,Agc_5,Com_7
01/11/2023,NL,CLT_332,1,ELS,Org_3,Part_6,FinProd_2,ComProd_5,Mkt_10,App_2,Agc_5,Com_2
01/09/2023,NL,CLT_333,0,TLS,Org_6,Part_7,FinProd_8,ComProd_6,Mkt_5,App_9,Agc_8,Com_5
01/08/2023,FR,CLT_334,0,BLS,Org_4,Part_2,FinProd_7,ComProd_10,Mkt_3,App_5,Agc_9,Com_2
01/11/2023,DE,CLT_335,0,TLS,Org_1,Part_2,FinProd_6,ComProd_7,Mkt_9,App_2,Agc_3,Com_10
01/05/2023,DE,CLT_336,1,ELS,Org_1,Part_6,FinProd_3,ComProd_8,Mkt_9,App_9,Agc_9,Com_8
01/03/2023,IT,CLT_337,0,TLS,Org_1,Part_9,FinProd_7,ComProd_2,Mkt_2,App_10,Agc_9,Com_9
01/08/2023,ES,CLT_338,0,ELS,Org_3,Part_10,FinProd_3,ComProd_8,Mkt_5,App_8,Agc_2,Com_6
01/08/2023,BE,CLT_339,0,ELS,Org_2,Part_5,FinProd_8,ComProd_10,Mkt_3,App_4,Agc_9,Com_2
01/12/2023,BE,CLT_340,1,ELS,Org_2,Part_2,FinProd_6,ComProd_10,Mkt_10,App_7,Agc_6,Com_4
01/08/2023,ES,CLT_341,1,ELS,Org_2,Part_5,FinProd_3,ComProd_10,Mkt_6,App_3,Agc_3,Com_6
01/02/2023,ES,CLT_342,0,BLS,Org_8,Part_9,FinProd_3,ComProd_6,Mkt_10,App_7,Agc_9,Com_7
01/11/2023,BE,CLT_343,1,TLS,Org_9,Part_5,FinProd_10,ComProd_7,Mkt_10,App_6,Agc_5,Com_2
01/11/2023,IT,CLT_344,0,TLS,Org_8,Part_6,FinProd_3,ComProd_7,Mkt_3,App_4,Agc_7,Com_7
01/03/2023,FR,CLT_345,1,BLS,Org_2,Part_7,FinProd_3,ComProd_1,Mkt_2,App_5,Agc_2,Com_1
01/07/2023,BE,CLT_346,0,TLS,Org_9,Part_6,FinProd_5,ComProd_7,Mkt_4,App_7,Agc_2,Com_7
01/07/2023,UK,CLT_347,1,BLS,Org_5,Part_3,FinProd_10,ComProd_8,Mkt_6,App_2,Agc_10,Com_4
01/08/2023,BE,CLT_348,0,ELS,Org_5,Part_3,FinProd_1,ComProd_3,Mkt_2,App_9,Agc_10,Com_6
01/02/2023,NL,CLT_349,0,ELS,Org_6,Part_3,FinProd_2,ComProd_3,Mkt_9,App_2,Agc_8,Com_9
01/10/2023,IT,CLT_350,0,TLS,Org_4,Part_7,FinProd_8,ComProd_8,Mkt_4,App_10,Agc_6,Com_2
01/12/2023,BE,CLT_351,0,BLS,Org_1,Part_10,FinProd_4,ComProd_7,Mkt_7,App_7,Agc_2,Com_3
01/07/2023,DE,CLT_352,0,TLS,Org_3,Part_6,FinProd_2,ComProd_3,Mkt_10,App_1,Agc_8,Com_6
01/02/2023,BE,CLT_353,1,TLS,Org_8,Part_6,FinProd_1,ComProd_3,Mkt_1,App_3,Agc_1,Com_3
01/07/2023,ES,CLT_354,1,TLS,Org_2,Part_8,FinProd_2,ComProd_5,Mkt_8,App_1,Agc_3,Com_7
01/09/2023,DE,CLT_355,1,ELS,Org_5,Part_4,FinProd_7,ComProd_2,Mkt_7,App_9,Agc_5,Com_4
01/11/2023,UK,CLT_356,0,TLS,Org_1,Part_9,FinProd_3,ComProd_2,Mkt_10,App_7,Agc_5,Com_7
01/02/2023,DE,CLT_357,0,TLS,Org_5,Part_3,FinProd_6,ComProd_4,Mkt_9,App_1,Agc_2,Com_6
01/09/2023,FR,CLT_358,0,ELS,Org_6,Part_4,FinProd_8,ComProd_2,Mkt_9,App_10,Agc_1,Com_4
01/08/2023,FR,CLT_359,0,ELS,Org_9,Part_6,FinProd_10,ComProd_8,Mkt_6,App_1,Agc_7,Com_10
01/02/2023,FR,CLT_360,1,BLS,Org_10,Part_4,FinProd_3,ComProd_8,Mkt_9,App_8,Agc_2,Com_7
01/11/2023,FR,CLT_361,1,BLS,Org_4,Part_3,FinProd_6,ComProd_3,Mkt_2,App_3,Agc_5,Com_2
01/06/2023,IT,CLT_362,1,BLS,Org_4,Part_10,FinProd_3,ComProd_3,Mkt_1,App_9,Agc_10,Com_3
01/03/2023,UK,CLT_363,1,TLS,Org_1,Part_10,FinProd_10,ComProd_6,Mkt_8,App_6,Agc_10,Com_2
01/03/2023,UK,CLT_364,0,ELS,Org_3,Part_4,FinProd_5,ComProd_7,Mkt_4,App_6,Agc_7,Com_7
01/07/2023,IT,CLT_365,1,TLS,Org_2,Part_5,FinProd_10,ComProd_8,Mkt_1,App_6,Agc_8,Com_2
01/01/2023,BE,CLT_366,0,TLS,Org_10,Part_1,FinProd_4,ComProd_10,Mkt_3,App_9,Agc_10,Com_9
01/12/2023,DE,CLT_367,1,TLS,Org_4,Part_6,FinProd_5,ComProd_5,Mkt_4,App_1,Agc_4,Com_8
01/07/2023,UK,CLT_368,1,BLS,Org_1,Part_10,FinProd_6,ComProd_9,Mkt_6,App_5,Agc_8,Com_10
01/01/2023,FR,CLT_369,1,ELS,Org_2,Part_3,FinProd_6,ComProd_9,Mkt_6,App_3,Agc_1,Com_4
01/07/2023,IT,CLT_370,1,BLS,Org_8,Part_6,FinProd_10,ComProd_4,Mkt_1,App_7,Agc_1,Com_4
01/07/2023,FR,CLT_371,1,BLS,Org_6,Part_7,FinProd_8,ComProd_3,Mkt_1,App_9,Agc_3,Com_8
01/05/2023,NL,CLT_372,0,TLS,Org_7,Part_2,FinProd_3,ComProd_8,Mkt_8,App_9,Agc_2,Com_5
01/03/2023,ES,CLT_373,1,ELS,Org_3,Part_1,FinProd_7,ComProd_5,Mkt_8,App_2,Agc_8,Com_10
01/05/2023,NL,CLT_374,0,ELS,Org_3,Part_9,FinProd_3,ComProd_10,Mkt_4,App_7,Agc_1,Com_5
01/05/2023,BE,CLT_375,0,ELS,Org_8,Part_3,FinProd_6,ComProd_7,Mkt_4,App_5,Agc_9,Com_9
01/08/2023,IT,CLT_376,0,TLS,Org_8,Part_2,FinProd_6,ComProd_2,Mkt_2,App_4,Agc_5,Com_3
01/01/2023,ES,CLT_377,0,TLS,Org_4,Part_7,FinProd_6,ComProd_2,Mkt_2,App_6,Agc_5,Com_10
01/02/2023,DE,CLT_378,1,BLS,Org_4,Part_8,FinProd_3,ComProd_9,Mkt_5,App_8,Agc_6,Com_6
01/02/2023,DE,CLT_379,1,TLS,Org_3,Part_9,FinProd_5,ComProd_10,Mkt_4,App_5,Agc_2,Com_2
01/07/2023,ES,CLT_380,1,TLS,Org_7,Part_8,FinProd_7,ComProd_4,Mkt_6,App_6,Agc_9,Com_9
01/11/2023,IT,CLT_381,0,TLS,Org_7,Part_7,FinProd_5,ComProd_1,Mkt_7,App_10,Agc_3,Com_4
01/07/2023,ES,CLT_382,1,TLS,Org_10,Part_6,FinProd_7,ComProd_3,Mkt_7,App_4,Agc_5,Com_10
01/06/2023,NL,CLT_383,1,TLS,Org_6,Part_10,FinProd_10,ComProd_7,Mkt_2,App_7,Agc_3,Com_2
01/10/2023,IT,CLT_384,0,BLS,Org_4,Part_3,FinProd_3,ComProd_8,Mkt_8,App_8,Agc_8,Com_5
01/09/2023,UK,CLT_385,0,ELS,Org_3,Part_3,FinProd_10,ComProd_10,Mkt_8,App_7,Agc_8,Com_7
01/01/2023,DE,CLT_386,0,TLS,Org_3,Part_10,FinProd_4,ComProd_7,Mkt_8,App_9,Agc_9,Com_8
01/06/2023,ES,CLT_387,0,ELS,Org_7,Part_3,FinProd_1,ComProd_2,Mkt_1,App_5,Agc_2,Com_5
01/11/2023,IT,CLT_388,1,TLS,Org_6,Part_5,FinProd_3,ComProd_6,Mkt_4,App_4,Agc_5,Com_7
01/07/2023,NL,CLT_389,0,BLS,Org_8,Part_2,FinProd_4,ComProd_1,Mkt_5,App_9,Agc_4,Com_9
01/03/2023,FR,CLT_390,1,ELS,Org_4,Part_9,FinProd_10,ComProd_10,Mkt_2,App_4,Agc_2,Com_7
01/08/2023,NL,CLT_391,0,ELS,Org_4,Part_1,FinProd_3,ComProd_4,Mkt_3,App_7,Agc_4,Com_4
01/03/2023,IT,CLT_392,1,ELS,Org_9,Part_4,FinProd_7,ComProd_10,Mkt_3,App_9,Agc_3,Com_7
01/05/2023,BE,CLT_393,1,TLS,Org_3,Part_7,FinProd_8,ComProd_2,Mkt_10,App_1,Agc_10,Com_3
01/08/2023,BE,CLT_394,0,ELS,Org_4,Part_3,FinProd_8,ComProd_4,Mkt_9,App_8,Agc_9,Com_3
01/04/2023,BE,CLT_395,0,TLS,Org_4,Part_4,FinProd_9,ComProd_6,Mkt_5,App_8,Agc_3,Com_10
01/07/2023,UK,CLT_396,0,BLS,Org_6,Part_9,FinProd_7,ComProd_4,Mkt_7,App_6,Agc_4,Com_7
01/11/2023,UK,CLT_397,1,ELS,Org_8,Part_6,FinProd_1,ComProd_6,Mkt_1,App_8,Agc_9,Com_6
01/11/2023,DE,CLT_398,1,BLS,Org_3,Part_10,FinProd_1,ComProd_4,Mkt_5,App_7,Agc_2,Com_2
01/02/2023,IT,CLT_399,0,TLS,Org_9,Part_1,FinProd_8,ComProd_7,Mkt_1,App_10,Agc_4,Com_5
01/08/2023,UK,CLT_400,0,TLS,Org_1,Part_1,FinProd_4,ComProd_4,Mkt_7,App_1,Agc_2,Com_4
01/11/2023,FR,CLT_401,0,TLS,Org_3,Part_1,FinProd_5,ComProd_5,Mkt_9,App_9,Agc_5,Com_3
01/12/2023,FR,CLT_402,1,ELS,Org_3,Part_1,FinProd_2,ComProd_10,Mkt_5,App_10,Agc_6,Com_2
01/11/2023,ES,CLT_403,0,BLS,Org_9,Part_1,FinProd_4,ComProd_10,Mkt_9,App_4,Agc_1,Com_6
01/10/2023,NL,CLT_404,1,ELS,Org_3,Part_4,FinProd_5,ComProd_2,Mkt_2,App_2,Agc_5,Com_3
01/10/2023,FR,CLT_405,0,TLS,Org_7,Part_10,FinProd_7,ComProd_10,Mkt_1,App_7,Agc_1,Com_5
01/12/2023,ES,CLT_406,0,TLS,Org_8,Part_4,FinProd_3,ComProd_6,Mkt_10,App_1,Agc_10,Com_8
01/09/2023,FR,CLT_407,1,BLS,Org_6,Part_6,FinProd_10,ComProd_7,Mkt_8,App_10,Agc_7,Com_4
01/12/2023,DE,CLT_408,0,ELS,Org_3,Part_5,FinProd_9,ComProd_5,Mkt_2,App_1,Agc_5,Com_3
01/04/2023,UK,CLT_409,0,ELS,Org_9,Part_3,FinProd_1,ComProd_6,Mkt_7,App_10,Agc_3,Com_2
01/06/2023,FR,CLT_410,1,ELS,Org_5,Part_2,FinProd_7,ComProd_2,Mkt_4,App_1,Agc_9,Com_4
01/11/2023,DE,CLT_411,0,ELS,Org_8,Part_8,FinProd_1,ComProd_1,Mkt_2,App_7,Agc_8,Com_3
01/01/2023,DE,CLT_412,0,TLS,Org_10,Part_9,FinProd_2,ComProd_4,Mkt_1,App_4,Agc_8,Com_7
01/09/2023,IT,CLT_413,1,TLS,Org_5,Part_1,FinProd_7,ComProd_1,Mkt_1,App_4,Agc_10,Com_4
01/08/2023,ES,CLT_414,0,ELS,Org_9,Part_5,FinProd_10,ComProd_8,Mkt_2,App_7,Agc_5,Com_6
01/03/2023,ES,CLT_415,1,TLS,Org_10,Part_10,FinProd_9,ComProd_2,Mkt_8,App_3,Agc_9,Com_1
01/05/2023,BE,CLT_416,1,TLS,Org_1,Part_3,FinProd_6,ComProd_7,Mkt_4,App_6,Agc_1,Com_3
01/03/2023,DE,CLT_417,0,ELS,Org_5,Part_2,FinProd_8,ComProd_5,Mkt_9,App_6,Agc_6,Com_6
01/04/2023,DE,CLT_418,0,ELS,Org_6,Part_10,FinProd_5,ComProd_1,Mkt_5,App_5,Agc_3,Com_10
01/03/2023,BE,CLT_419,0,ELS,Org_2,Part_4,FinProd_4,ComProd_6,Mkt_7,App_8,Agc_1,Com_2
01/04/2023,ES,CLT_420,1,TLS,Org_9,Part_4,FinProd_10,ComProd_9,Mkt_10,App_7,Agc_8,Com_7
01/10/2023,UK,CLT_421,1,BLS,Org_2,Part_4,FinProd_8,ComProd_3,Mkt_6,App_8,Agc_4,Com_2
01/04/2023,FR,CLT_422,1,BLS,Org_1,Part_5,FinProd_7,ComProd_4,Mkt_8,App_10,Agc_10,Com_6
01/09/2023,DE,CLT_423,1,TLS,Org_10,Part_3,FinProd_8,ComProd_10,Mkt_3,App_2,Agc_4,Com_2
01/05/2023,ES,CLT_424,1,TLS,Org_9,Part_5,FinProd_4,ComProd_7,Mkt_3,App_10,Agc_6,Com_5
01/07/2023,IT,CLT_425,1,TLS,Org_5,Part_1,FinProd_7,ComProd_7,Mkt_2,App_7,Agc_10,Com_10
01/09/2023,ES,CLT_426,0,TLS,Org_3,Part_1,FinProd_7,ComProd_6,Mkt_9,App_3,Agc_9,Com_9
01/10/2023,FR,CLT_427,0,ELS,Org_1,Part_10,FinProd_4,ComProd_10,Mkt_1,App_2,Agc_1,Com_1
01/10/2023,BE,CLT_428,0,BLS,Org_2,Part_1,FinProd_7,ComProd_8,Mkt_4,App_9,Agc_3,Com_7
01/09/2023,DE,CLT_429,1,ELS,Org_10,Part_2,FinProd_2,ComProd_2,Mkt_5,App_4,Agc_6,Com_3
01/06/2023,BE,CLT_430,0,ELS,Org_9,Part_5,FinProd_2,ComProd_8,Mkt_7,App_6,Agc_1,Com_7
01/05/2023,UK,CLT_431,0,ELS,Org_3,Part_5,FinProd_8,ComProd_9,Mkt_2,App_7,Agc_1,Com_3
01/04/2023,IT,CLT_432,0,BLS,Org_1,Part_8,FinProd_1,ComProd_7,Mkt_5,App_3,Agc_10,Com_1
01/03/2023,DE,CLT_433,1,TLS,Org_9,Part_4,FinProd_4,ComProd_5,Mkt_7,App_2,Agc_5,Com_4
01/01/2023,UK,CLT_434,0,ELS,Org_5,Part_4,FinProd_6,ComProd_10,Mkt_7,App_1,Agc_4,Com_6
01/04/2023,NL,CLT_435,0,ELS,Org_1,Part_2,FinProd_10,ComProd_1,Mkt_6,App_9,Agc_3,Com_2
01/03/2023,NL,CLT_436,0,ELS,Org_6,Part_2,FinProd_2,ComProd_5,Mkt_4,App_3,Agc_5,Com_2
01/07/2023,ES,CLT_437,0,TLS,Org_3,Part_10,FinProd_7,ComProd_4,Mkt_2,App_1,Agc_4,Com_8
01/08/2023,FR,CLT_438,0,BLS,Org_9,Part_7,FinProd_3,ComProd_7,Mkt_9,App_10,Agc_5,Com_4
01/08/2023,DE,CLT_439,1,BLS,Org_6,Part_4,FinProd_6,ComProd_9,Mkt_4,App_4,Agc_1,Com_8
01/08/2023,DE,CLT_440,0,ELS,Org_1,Part_6,FinProd_7,ComProd_4,Mkt_10,App_5,Agc_9,Com_1
01/05/2023,IT,CLT_441,1,TLS,Org_4,Part_4,FinProd_9,ComProd_2,Mkt_2,App_2,Agc_2,Com_4
01/11/2023,DE,CLT_442,0,ELS,Org_3,Part_9,FinProd_7,ComProd_7,Mkt_10,App_2,Agc_8,Com_5
01/01/2023,BE,CLT_443,1,BLS,Org_4,Part_7,FinProd_7,ComProd_7,Mkt_9,App_4,Agc_4,Com_1
01/05/2023,NL,CLT_444,1,ELS,Org_8,Part_10,FinProd_8,ComProd_7,Mkt_1,App_6,Agc_10,Com_10
01/12/2023,NL,CLT_445,0,TLS,Org_9,Part_9,FinProd_6,ComProd_8,Mkt_1,App_8,Agc_3,Com_7
01/07/2023,NL,CLT_446,1,BLS,Org_3,Part_5,FinProd_9,ComProd_7,Mkt_4,App_3,Agc_4,Com_9
01/05/2023,BE,CLT_447,1,ELS,Org_5,Part_6,FinProd_7,ComProd_1,Mkt_9,App_6,Agc_2,Com_8
01/04/2023,UK,CLT_448,0,BLS,Org_5,Part_5,FinProd_5,ComProd_9,Mkt_4,App_8,Agc_8,Com_8
01/09/2023,BE,CLT_449,0,TLS,Org_1,Part_7,FinProd_5,ComProd_10,Mkt_10,App_1,Agc_6,Com_10
01/02/2023,UK,CLT_450,0,BLS,Org_10,Part_3,FinProd_4,ComProd_9,Mkt_7,App_3,Agc_1,Com_3
01/06/2023,ES,CLT_451,1,TLS,Org_2,Part_7,FinProd_6,ComProd_7,Mkt_2,App_10,Agc_9,Com_9
01/04/2023,DE,CLT_452,1,ELS,Org_10,Part_6,FinProd_2,ComProd_6,Mkt_7,App_2,Agc_2,Com_7
01/10/2023,IT,CLT_453,0,ELS,Org_9,Part_7,FinProd_1,ComProd_6,Mkt_3,App_10,Agc_5,Com_8
01/10/2023,NL,CLT_454,0,BLS,Org_8,Part_4,FinProd_6,ComProd_1,Mkt_1,App_9,Agc_2,Com_6
01/09/2023,BE,CLT_455,0,TLS,Org_7,Part_6,FinProd_2,ComProd_8,Mkt_8,App_6,Agc_6,Com_5
01/08/2023,UK,CLT_456,1,BLS,Org_6,Part_9,FinProd_1,ComProd_6,Mkt_2,App_5,Agc_7,Com_2
01/05/2023,BE,CLT_457,1,ELS,Org_3,Part_4,FinProd_3,ComProd_9,Mkt_5,App_1,Agc_2,Com_4
01/11/2023,ES,CLT_458,1,TLS,Org_1,Part_10,FinProd_7,ComProd_6,Mkt_7,App_9,Agc_6,Com_6
01/04/2023,ES,CLT_459,1,ELS,Org_10,Part_8,FinProd_3,ComProd_2,Mkt_8,App_4,Agc_9,Com_5
01/03/2023,UK,CLT_460,0,ELS,Org_5,Part_2,FinProd_5,ComProd_4,Mkt_5,App_10,Agc_10,Com_4
01/11/2023,ES,CLT_461,0,TLS,Org_4,Part_7,FinProd_5,ComProd_10,Mkt_7,App_3,Agc_1,Com_2
01/06/2023,DE,CLT_462,0,ELS,Org_7,Part_8,FinProd_3,ComProd_4,Mkt_2,App_7,Agc_4,Com_1
01/09/2023,NL,CLT_463,0,TLS,Org_5,Part_8,FinProd_5,ComProd_7,Mkt_5,App_2,Agc_2,Com_6
01/06/2023,DE,CLT_464,0,BLS,Org_9,Part_2,FinProd_8,ComProd_1,Mkt_2,App_5,Agc_3,Com_9
01/11/2023,NL,CLT_465,0,BLS,Org_7,Part_6,FinProd_3,ComProd_2,Mkt_4,App_5,Agc_1,Com_6
01/12/2023,BE,CLT_466,0,BLS,Org_3,Part_7,FinProd_4,ComProd_8,Mkt_4,App_6,Agc_8,Com_5
01/01/2023,BE,CLT_467,1,BLS,Org_6,Part_10,FinProd_9,ComProd_6,Mkt_6,App_6,Agc_6,Com_2
01/09/2023,BE,CLT_468,1,TLS,Org_9,Part_2,FinProd_9,ComProd_7,Mkt_9,App_5,Agc_9,Com_9
01/12/2023,ES,CLT_469,0,BLS,Org_10,Part_1,FinProd_7,ComProd_9,Mkt_8,App_1,Agc_1,Com_10
01/07/2023,NL,CLT_470,0,TLS,Org_4,Part_6,FinProd_5,ComProd_2,Mkt_8,App_4,Agc_3,Com_8
01/04/2023,DE,CLT_471,1,ELS,Org_3,Part_10,FinProd_1,ComProd_4,Mkt_2,App_1,Agc_1,Com_3
01/04/2023,ES,CLT_472,0,ELS,Org_4,Part_2,FinProd_10,ComProd_8,Mkt_4,App_7,Agc_6,Com_5
01/10/2023,ES,CLT_473,1,TLS,Org_4,Part_9,FinProd_5,ComProd_5,Mkt_6,App_4,Agc_1,Com_1
01/01/2023,ES,CLT_474,0,BLS,Org_10,Part_9,FinProd_5,ComProd_6,Mkt_1,App_6,Agc_3,Com_8
01/09/2023,IT,CLT_475,1,ELS,Org_7,Part_3,FinProd_6,ComProd_3,Mkt_3,App_2,Agc_4,Com_5
01/11/2023,FR,CLT_476,0,BLS,Org_4,Part_4,FinProd_10,ComProd_8,Mkt_10,App_3,Agc_2,Com_10
01/01/2023,BE,CLT_477,0,ELS,Org_8,Part_10,FinProd_3,ComProd_9,Mkt_8,App_5,Agc_5,Com_4
01/09/2023,BE,CLT_478,0,BLS,Org_8,Part_4,FinProd_9,ComProd_3,Mkt_3,App_6,Agc_3,Com_3
01/11/2023,NL,CLT_479,0,BLS,Org_7,Part_9,FinProd_4,ComProd_5,Mkt_10,App_3,Agc_6,Com_8
01/12/2023,DE,CLT_480,1,ELS,Org_5,Part_10,FinProd_9,ComProd_10,Mkt_10,App_9,Agc_2,Com_10
01/12/2023,ES,CLT_481,0,BLS,Org_9,Part_2,FinProd_6,ComProd_1,Mkt_9,App_1,Agc_10,Com_1
01/03/2023,BE,CLT_482,0,BLS,Org_4,Part_4,FinProd_9,ComProd_6,Mkt_9,App_8,Agc_9,Com_3
01/09/2023,UK,CLT_483,0,BLS,Org_10,Part_3,FinProd_8,ComProd_4,Mkt_10,App_6,Agc_3,Com_3
01/09/2023,ES,CLT_484,0,TLS,Org_8,Part_9,FinProd_6,ComProd_4,Mkt_2,App_3,Agc_6,Com_9
01/06/2023,IT,CLT_485,1,BLS,Org_1,Part_2,FinProd_4,ComProd_8,Mkt_6,App_5,Agc_7,Com_10
01/10/2023,NL,CLT_486,0,TLS,Org_4,Part_9,FinProd_4,ComProd_1,Mkt_1,App_2,Agc_8,Com_7
01/12/2023,DE,CLT_487,1,TLS,Org_8,Part_8,FinProd_2,ComProd_2,Mkt_8,App_10,Agc_7,Com_6
01/10/2023,ES,CLT_488,0,ELS,Org_10,Part_1,FinProd_2,ComProd_10,Mkt_3,App_1,Agc_8,Com_4
01/06/2023,IT,CLT_489,0,BLS,Org_3,Part_9,FinProd_2,ComProd_4,Mkt_6,App_10,Agc_10,Com_6
01/11/2023,ES,CLT_490,0,TLS,Org_5,Part_5,FinProd_1,ComProd_10,Mkt_8,App_1,Agc_6,Com_1
01/02/2023,FR,CLT_491,1,TLS,Org_4,Part_5,FinProd_9,ComProd_6,Mkt_1,App_5,Agc_10,Com_6
01/04/2023,IT,CLT_492,1,BLS,Org_2,Part_5,FinProd_2,ComProd_6,Mkt_4,App_10,Agc_9,Com_10
01/09/2023,DE,CLT_493,0,ELS,Org_3,Part_5,FinProd_6,ComProd_3,Mkt_5,App_9,Agc_4,Com_8
01/04/2023,FR,CLT_494,1,BLS,Org_3,Part_4,FinProd_7,ComProd_6,Mkt_2,App_8,Agc_8,Com_3
01/09/2023,ES,CLT_495,1,ELS,Org_7,Part_4,FinProd_7,ComProd_6,Mkt_1,App_10,Agc_5,Com_5
01/11/2023,NL,CLT_496,0,TLS,Org_2,Part_2,FinProd_1,ComProd_7,Mkt_10,App_8,Agc_9,Com_8
01/07/2023,UK,CLT_497,1,BLS,Org_6,Part_6,FinProd_9,ComProd_6,Mkt_3,App_10,Agc_5,Com_3
01/10/2023,BE,CLT_498,0,ELS,Org_6,Part_6,FinProd_10,ComProd_2,Mkt_7,App_6,Agc_9,Com_8
01/10/2023,NL,CLT_499,0,TLS,Org_10,Part_4,FinProd_9,ComProd_7,Mkt_3,App_9,Agc_6,Com_3
01/06/2023,IT,CLT_500,1,BLS,Org_4,Part_8,FinProd_5,ComProd_7,Mkt_1,App_7,Agc_5,Com_2
01/04/2023,IT,CLT_501,0,BLS,Org_9,Part_2,FinProd_7,ComProd_9,Mkt_1,App_9,Agc_3,Com_4
01/09/2023,DE,CLT_502,0,BLS,Org_7,Part_4,FinProd_10,ComProd_8,Mkt_4,App_9,Agc_1,Com_6
01/04/2023,NL,CLT_503,0,TLS,Org_10,Part_6,FinProd_1,ComProd_3,Mkt_9,App_4,Agc_8,Com_1
01/12/2023,DE,CLT_504,0,TLS,Org_6,Part_1,FinProd_5,ComProd_5,Mkt_1,App_5,Agc_2,Com_5
01/08/2023,UK,CLT_505,1,BLS,Org_7,Part_9,FinProd_6,ComProd_1,Mkt_10,App_2,Agc_6,Com_3
01/07/2023,NL,CLT_506,0,TLS,Org_2,Part_3,FinProd_8,ComProd_8,Mkt_1,App_8,Agc_1,Com_8
01/01/2023,BE,CLT_507,1,ELS,Org_4,Part_1,FinProd_1,ComProd_1,Mkt_9,App_5,Agc_9,Com_8
01/02/2023,ES,CLT_508,0,BLS,Org_2,Part_1,FinProd_3,ComProd_1,Mkt_9,App_5,Agc_3,Com_8
01/11/2023,UK,CLT_509,1,BLS,Org_6,Part_5,FinProd_5,ComProd_1,Mkt_7,App_7,Agc_2,Com_10
01/08/2023,UK,CLT_510,1,TLS,Org_2,Part_1,FinProd_5,ComProd_4,Mkt_1,App_10,Agc_2,Com_7
01/06/2023,UK,CLT_511,0,ELS,Org_1,Part_9,FinProd_1,ComProd_6,Mkt_5,App_2,Agc_6,Com_3
01/08/2023,DE,CLT_512,1,TLS,Org_8,Part_6,FinProd_4,ComProd_9,Mkt_5,App_10,Agc_5,Com_10
01/11/2023,ES,CLT_513,1,BLS,Org_6,Part_7,FinProd_3,ComProd_8,Mkt_2,App_3,Agc_3,Com_4
01/07/2023,FR,CLT_514,1,TLS,Org_5,Part_5,FinProd_3,ComProd_8,Mkt_1,App_4,Agc_9,Com_2
01/09/2023,BE,CLT_515,0,TLS,Org_2,Part_10,FinProd_10,ComProd_9,Mkt_7,App_2,Agc_4,Com_1
01/01/2023,BE,CLT_516,0,BLS,Org_6,Part_4,FinProd_8,ComProd_3,Mkt_9,App_5,Agc_1,Com_10
01/12/2023,ES,CLT_517,0,ELS,Org_2,Part_6,FinProd_8,ComProd_1,Mkt_1,App_4,Agc_5,Com_1
01/04/2023,ES,CLT_518,1,TLS,Org_6,Part_4,FinProd_2,ComProd_4,Mkt_2,App_3,Agc_7,Com_6
01/04/2023,BE,CLT_519,1,BLS,Org_10,Part_2,FinProd_5,ComProd_6,Mkt_10,App_1,Agc_5,Com_1
01/05/2023,ES,CLT_520,1,ELS,Org_5,Part_7,FinProd_3,ComProd_4,Mkt_4,App_10,Agc_5,Com_2
01/01/2023,DE,CLT_521,0,ELS,Org_4,Part_9,FinProd_6,ComProd_8,Mkt_7,App_9,Agc_6,Com_7
01/01/2023,NL,CLT_522,1,TLS,Org_5,Part_1,FinProd_4,ComProd_10,Mkt_5,App_8,Agc_4,Com_1
01/12/2023,IT,CLT_523,0,ELS,Org_8,Part_2,FinProd_7,ComProd_8,Mkt_5,App_7,Agc_7,Com_9
01/01/2023,IT,CLT_524,1,TLS,Org_9,Part_5,FinProd_8,ComProd_10,Mkt_10,App_6,Agc_7,Com_3
01/12/2023,NL,CLT_525,1,ELS,Org_9,Part_5,FinProd_7,ComProd_2,Mkt_7,App_3,Agc_9,Com_1
01/05/2023,UK,CLT_526,0,BLS,Org_5,Part_1,FinProd_10,ComProd_1,Mkt_7,App_5,Agc_4,Com_2
01/12/2023,IT,CLT_527,0,BLS,Org_7,Part_6,FinProd_3,ComProd_1,Mkt_5,App_7,Agc_2,Com_9
01/04/2023,UK,CLT_528,0,TLS,Org_10,Part_4,FinProd_3,ComProd_8,Mkt_8,App_10,Agc_5,Com_10
01/04/2023,IT,CLT_529,1,TLS,Org_1,Part_9,FinProd_6,ComProd_7,Mkt_3,App_4,Agc_10,Com_3
01/09/2023,ES,CLT_530,0,ELS,Org_6,Part_1,FinProd_10,ComProd_3,Mkt_1,App_5,Agc_7,Com_4
01/08/2023,DE,CLT_531,1,TLS,Org_5,Part_10,FinProd_10,ComProd_1,Mkt_5,App_2,Agc_6,Com_6
01/08/2023,UK,CLT_532,0,BLS,Org_7,Part_6,FinProd_8,ComProd_5,Mkt_4,App_4,Agc_1,Com_4
01/08/2023,FR,CLT_533,0,ELS,Org_5,Part_8,FinProd_2,ComProd_1,Mkt_1,App_1,Agc_4,Com_8
01/06/2023,FR,CLT_534,0,ELS,Org_3,Part_4,FinProd_3,ComProd_6,Mkt_7,App_8,Agc_9,Com_5
01/08/2023,NL,CLT_535,1,BLS,Org_3,Part_8,FinProd_9,ComProd_10,Mkt_6,App_4,Agc_3,Com_9
01/02/2023,NL,CLT_536,0,TLS,Org_1,Part_7,FinProd_7,ComProd_2,Mkt_2,App_4,Agc_6,Com_5
01/07/2023,UK,CLT_537,0,TLS,Org_1,Part_5,FinProd_8,ComProd_4,Mkt_1,App_6,Agc_3,Com_8
01/03/2023,UK,CLT_538,0,ELS,Org_2,Part_9,FinProd_3,ComProd_10,Mkt_1,App_4,Agc_5,Com_10
01/07/2023,UK,CLT_539,0,BLS,Org_8,Part_9,FinProd_7,ComProd_5,Mkt_10,App_10,Agc_4,Com_2
01/05/2023,ES,CLT_540,0,BLS,Org_4,Part_6,FinProd_8,ComProd_3,Mkt_8,App_3,Agc_8,Com_9
01/07/2023,BE,CLT_541,0,ELS,Org_1,Part_2,FinProd_7,ComProd_9,Mkt_8,App_7,Agc_10,Com_4
01/06/2023,NL,CLT_542,0,ELS,Org_6,Part_7,FinProd_6,ComProd_7,Mkt_1,App_7,Agc_8,Com_6
01/09/2023,UK,CLT_543,1,BLS,Org_9,Part_10,FinProd_2,ComProd_3,Mkt_5,App_5,Agc_10,Com_9
01/12/2023,UK,CLT_544,0,TLS,Org_3,Part_8,FinProd_2,ComProd_6,Mkt_2,App_7,Agc_1,Com_6
01/08/2023,DE,CLT_545,0,BLS,Org_2,Part_10,FinProd_8,ComProd_6,Mkt_3,App_2,Agc_9,Com_2
01/06/2023,BE,CLT_546,1,ELS,Org_6,Part_10,FinProd_7,ComProd_7,Mkt_10,App_6,Agc_5,Com_3
01/12/2023,DE,CLT_547,0,ELS,Org_4,Part_4,FinProd_5,ComProd_2,Mkt_10,App_2,Agc_9,Com_2
01/01/2023,ES,CLT_548,1,ELS,Org_9,Part_2,FinProd_3,ComProd_7,Mkt_4,App_7,Agc_9,Com_6
01/04/2023,BE,CLT_549,1,TLS,Org_9,Part_10,FinProd_5,ComProd_10,Mkt_6,App_3,Agc_2,Com_3
01/02/2023,NL,CLT_550,1,TLS,Org_8,Part_6,FinProd_9,ComProd_10,Mkt_4,App_6,Agc_8,Com_10
01/12/2023,NL,CLT_551,1,ELS,Org_10,Part_8,FinProd_5,ComProd_6,Mkt_8,App_1,Agc_10,Com_9
01/12/2023,NL,CLT_552,1,ELS,Org_9,Part_10,FinProd_7,ComProd_5,Mkt_10,App_9,Agc_8,Com_5
01/02/2023,FR,CLT_553,1,TLS,Org_1,Part_9,FinProd_8,ComProd_8,Mkt_9,App_4,Agc_4,Com_1
01/12/2023,ES,CLT_554,1,ELS,Org_3,Part_4,FinProd_9,ComProd_4,Mkt_3,App_5,Agc_8,Com_6
01/11/2023,DE,CLT_555,1,ELS,Org_10,Part_2,FinProd_1,ComProd_4,Mkt_5,App_3,Agc_9,Com_7
01/10/2023,IT,CLT_556,1,TLS,Org_2,Part_2,FinProd_6,ComProd_10,Mkt_4,App_7,Agc_7,Com_4
01/12/2023,IT,CLT_557,1,BLS,Org_2,Part_8,FinProd_5,ComProd_1,Mkt_9,App_4,Agc_2,Com_10
01/05/2023,ES,CLT_558,1,BLS,Org_3,Part_10,FinProd_8,ComProd_3,Mkt_7,App_8,Agc_3,Com_9
01/07/2023,NL,CLT_559,0,BLS,Org_3,Part_8,FinProd_2,ComProd_7,Mkt_7,App_3,Agc_9,Com_6
01/02/2023,BE,CLT_560,0,TLS,Org_5,Part_9,FinProd_3,ComProd_3,Mkt_7,App_5,Agc_3,Com_8
01/07/2023,NL,CLT_561,1,ELS,Org_2,Part_9,FinProd_4,ComProd_2,Mkt_7,App_7,Agc_6,Com_8
01/01/2023,IT,CLT_562,0,BLS,Org_2,Part_5,FinProd_4,ComProd_6,Mkt_5,App_2,Agc_2,Com_2
01/10/2023,DE,CLT_563,0,TLS,Org_6,Part_6,FinProd_1,ComProd_5,Mkt_9,App_8,Agc_1,Com_2
01/05/2023,UK,CLT_564,1,BLS,Org_2,Part_7,FinProd_6,ComProd_8,Mkt_6,App_5,Agc_4,Com_7
01/08/2023,NL,CLT_565,1,TLS,Org_3,Part_5,FinProd_6,ComProd_1,Mkt_7,App_5,Agc_3,Com_2
01/07/2023,FR,CLT_566,0,ELS,Org_6,Part_2,FinProd_7,ComProd_1,Mkt_1,App_2,Agc_7,Com_2
01/03/2023,ES,CLT_567,1,BLS,Org_1,Part_7,FinProd_6,ComProd_9,Mkt_6,App_9,Agc_2,Com_6
01/06/2023,BE,CLT_568,1,TLS,Org_3,Part_1,FinProd_9,ComProd_5,Mkt_5,App_8,Agc_4,Com_6
01/04/2023,UK,CLT_569,0,TLS,Org_4,Part_1,FinProd_9,ComProd_8,Mkt_8,App_9,Agc_9,Com_8
01/09/2023,ES,CLT_570,1,TLS,Org_8,Part_9,FinProd_8,ComProd_7,Mkt_6,App_3,Agc_4,Com_3
01/04/2023,IT,CLT_571,0,TLS,Org_3,Part_7,FinProd_2,ComProd_1,Mkt_3,App_1,Agc_4,Com_6
01/09/2023,NL,CLT_572,0,ELS,Org_3,Part_5,FinProd_3,ComProd_5,Mkt_1,App_6,Agc_6,Com_6
01/07/2023,BE,CLT_573,0,TLS,Org_4,Part_7,FinProd_8,ComProd_6,Mkt_6,App_9,Agc_5,Com_1
01/09/2023,IT,CLT_574,0,BLS,Org_3,Part_2,FinProd_1,ComProd_3,Mkt_9,App_5,Agc_7,Com_3
01/03/2023,ES,CLT_575,1,TLS,Org_8,Part_8,FinProd_2,ComProd_9,Mkt_8,App_7,Agc_7,Com_6
01/07/2023,BE,CLT_576,1,BLS,Org_6,Part_10,FinProd_7,ComProd_10,Mkt_7,App_4,Agc_6,Com_2
01/12/2023,FR,CLT_577,1,TLS,Org_7,Part_2,FinProd_8,ComProd_1,Mkt_1,App_5,Agc_10,Com_7
01/07/2023,IT,CLT_578,1,BLS,Org_10,Part_5,FinProd_7,ComProd_10,Mkt_2,App_2,Agc_2,Com_2
01/04/2023,DE,CLT_579,0,TLS,Org_7,Part_4,FinProd_1,ComProd_9,Mkt_6,App_2,Agc_3,Com_7
01/06/2023,IT,CLT_580,0,BLS,Org_7,Part_8,FinProd_4,ComProd_10,Mkt_1,App_1,Agc_2,Com_7
01/08/2023,DE,CLT_581,1,BLS,Org_6,Part_4,FinProd_9,ComProd_7,Mkt_7,App_4,Agc_8,Com_10
01/02/2023,NL,CLT_582,1,BLS,Org_10,Part_4,FinProd_6,ComProd_3,Mkt_7,App_5,Agc_6,Com_10
01/03/2023,IT,CLT_583,1,TLS,Org_4,Part_8,FinProd_8,ComProd_5,Mkt_4,App_5,Agc_5,Com_6
01/02/2023,UK,CLT_584,1,TLS,Org_8,Part_1,FinProd_6,ComProd_8,Mkt_4,App_7,Agc_4,Com_2
01/10/2023,BE,CLT_585,0,ELS,Org_5,Part_4,FinProd_6,ComProd_7,Mkt_6,App_9,Agc_2,Com_7
01/05/2023,DE,CLT_586,0,BLS,Org_1,Part_7,FinProd_7,ComProd_4,Mkt_5,App_7,Agc_7,Com_5
01/09/2023,UK,CLT_587,0,BLS,Org_9,Part_6,FinProd_7,ComProd_2,Mkt_1,App_7,Agc_4,Com_5
01/03/2023,NL,CLT_588,1,TLS,Org_6,Part_3,FinProd_3,ComProd_6,Mkt_7,App_2,Agc_4,Com_5
01/01/2023,NL,CLT_589,0,BLS,Org_7,Part_5,FinProd_8,ComProd_10,Mkt_10,App_10,Agc_2,Com_3
01/11/2023,BE,CLT_590,0,BLS,Org_10,Part_7,FinProd_5,ComProd_2,Mkt_1,App_1,Agc_8,Com_1
01/02/2023,UK,CLT_591,0,TLS,Org_1,Part_7,FinProd_1,ComProd_8,Mkt_6,App_1,Agc_7,Com_2
01/03/2023,NL,CLT_592,0,TLS,Org_2,Part_7,FinProd_1,ComProd_7,Mkt_4,App_3,Agc_2,Com_5
01/12/2023,BE,CLT_593,1,ELS,Org_2,Part_3,FinProd_8,ComProd_6,Mkt_9,App_6,Agc_1,Com_1
01/09/2023,ES,CLT_594,0,TLS,Org_3,Part_3,FinProd_1,ComProd_1,Mkt_6,App_9,Agc_5,Com_10
01/11/2023,ES,CLT_595,1,BLS,Org_10,Part_2,FinProd_4,ComProd_8,Mkt_6,App_2,Agc_6,Com_9
01/04/2023,FR,CLT_596,1,BLS,Org_7,Part_9,FinProd_7,ComProd_6,Mkt_7,App_6,Agc_6,Com_6
01/03/2023,DE,CLT_597,0,BLS,Org_5,Part_9,FinProd_5,ComProd_5,Mkt_10,App_1,Agc_4,Com_6
01/09/2023,UK,CLT_598,0,TLS,Org_4,Part_4,FinProd_10,ComProd_5,Mkt_7,App_7,Agc_6,Com_1
01/12/2023,IT,CLT_599,0,ELS,Org_9,Part_1,FinProd_7,ComProd_5,Mkt_9,App_3,Agc_3,Com_5
01/11/2023,NL,CLT_600,0,TLS,Org_8,Part_2,FinProd_2,ComProd_9,Mkt_10,App_3,Agc_9,Com_1
01/05/2023,DE,CLT_601,0,BLS,Org_5,Part_7,FinProd_4,ComProd_7,Mkt_3,App_8,Agc_6,Com_2
01/12/2023,DE,CLT_602,1,TLS,Org_4,Part_4,FinProd_1,ComProd_8,Mkt_6,App_1,Agc_3,Com_1
01/09/2023,UK,CLT_603,0,BLS,Org_2,Part_2,FinProd_8,ComProd_10,Mkt_10,App_1,Agc_8,Com_9
01/02/2023,ES,CLT_604,1,BLS,Org_3,Part_5,FinProd_3,ComProd_10,Mkt_2,App_4,Agc_4,Com_10
01/04/2023,DE,CLT_605,0,ELS,Org_6,Part_9,FinProd_5,ComProd_9,Mkt_6,App_8,Agc_9,Com_3
01/11/2023,FR,CLT_606,0,ELS,Org_5,Part_7,FinProd_10,ComProd_6,Mkt_1,App_8,Agc_3,Com_2
01/01/2023,BE,CLT_607,1,ELS,Org_9,Part_10,FinProd_8,ComProd_3,Mkt_3,App_1,Agc_5,Com_1
01/11/2023,BE,CLT_608,0,BLS,Org_6,Part_8,FinProd_5,ComProd_5,Mkt_9,App_7,Agc_4,Com_7
01/08/2023,ES,CLT_609,0,ELS,Org_9,Part_3,FinProd_8,ComProd_3,Mkt_1,App_9,Agc_6,Com_2
01/05/2023,DE,CLT_610,1,TLS,Org_6,Part_1,FinProd_1,ComProd_6,Mkt_6,App_2,Agc_1,Com_7
01/05/2023,UK,CLT_611,1,BLS,Org_5,Part_9,FinProd_8,ComProd_4,Mkt_1,App_6,Agc_4,Com_4
01/07/2023,FR,CLT_612,1,ELS,Org_1,Part_7,FinProd_10,ComProd_9,Mkt_3,App_4,Agc_10,Com_3
01/02/2023,ES,CLT_613,1,ELS,Org_8,Part_7,FinProd_5,ComProd_1,Mkt_6,App_1,Agc_3,Com_5
01/01/2023,IT,CLT_614,0,ELS,Org_4,Part_4,FinProd_3,ComProd_9,Mkt_10,App_6,Agc_4,Com_3
01/06/2023,UK,CLT_615,0,ELS,Org_2,Part_2,FinProd_5,ComProd_2,Mkt_2,App_8,Agc_3,Com_6
01/07/2023,UK,CLT_616,1,TLS,Org_3,Part_2,FinProd_3,ComProd_9,Mkt_8,App_8,Agc_6,Com_1
01/06/2023,ES,CLT_617,1,TLS,Org_3,Part_4,FinProd_10,ComProd_9,Mkt_2,App_5,Agc_10,Com_9
01/11/2023,NL,CLT_618,0,BLS,Org_4,Part_7,FinProd_8,ComProd_1,Mkt_6,App_10,Agc_9,Com_3
01/03/2023,IT,CLT_619,0,ELS,Org_7,Part_10,FinProd_7,ComProd_4,Mkt_6,App_9,Agc_4,Com_4
01/09/2023,UK,CLT_620,1,TLS,Org_5,Part_8,FinProd_10,ComProd_3,Mkt_10,App_2,Agc_10,Com_8
01/01/2023,NL,CLT_621,1,TLS,Org_8,Part_7,FinProd_1,ComProd_3,Mkt_4,App_5,Agc_10,Com_10
01/08/2023,ES,CLT_622,1,ELS,Org_3,Part_8,FinProd_3,ComProd_8,Mkt_10,App_5,Agc_1,Com_1
01/03/2023,DE,CLT_623,1,BLS,Org_9,Part_4,FinProd_7,ComProd_4,Mkt_4,App_3,Agc_8,Com_5
01/08/2023,ES,CLT_624,0,TLS,Org_9,Part_7,FinProd_6,ComProd_6,Mkt_5,App_1,Agc_1,Com_9
01/05/2023,BE,CLT_625,0,BLS,Org_4,Part_7,FinProd_9,ComProd_3,Mkt_2,App_9,Agc_1,Com_7
01/09/2023,UK,CLT_626,1,ELS,Org_7,Part_3,FinProd_6,ComProd_5,Mkt_3,App_4,Agc_5,Com_6
01/11/2023,FR,CLT_627,1,BLS,Org_10,Part_2,FinProd_10,ComProd_4,Mkt_9,App_7,Agc_3,Com_3
01/06/2023,ES,CLT_628,0,ELS,Org_1,Part_6,FinProd_10,ComProd_7,Mkt_1,App_10,Agc_6,Com_9
01/10/2023,IT,CLT_629,1,BLS,Org_4,Part_3,FinProd_4,ComProd_8,Mkt_5,App_2,Agc_4,Com_8
01/05/2023,IT,CLT_630,1,BLS,Org_3,Part_2,FinProd_3,ComProd_8,Mkt_8,App_4,Agc_2,Com_8
01/03/2023,DE,CLT_631,1,TLS,Org_10,Part_10,FinProd_8,ComProd_4,Mkt_1,App_7,Agc_7,Com_4
01/06/2023,DE,CLT_632,0,ELS,Org_8,Part_3,FinProd_2,ComProd_8,Mkt_6,App_4,Agc_7,Com_7
01/11/2023,BE,CLT_633,1,ELS,Org_7,Part_4,FinProd_5,ComProd_2,Mkt_9,App_6,Agc_5,Com_1
01/01/2023,BE,CLT_634,1,ELS,Org_2,Part_6,FinProd_5,ComProd_10,Mkt_10,App_7,Agc_5,Com_10
01/06/2023,NL,CLT_635,1,ELS,Org_3,Part_8,FinProd_4,ComProd_10,Mkt_6,App_4,Agc_1,Com_7
01/09/2023,DE,CLT_636,1,BLS,Org_10,Part_1,FinProd_7,ComProd_7,Mkt_2,App_5,Agc_2,Com_7
01/07/2023,ES,CLT_637,1,BLS,Org_8,Part_7,FinProd_2,ComProd_3,Mkt_3,App_6,Agc_5,Com_5
01/06/2023,BE,CLT_638,1,TLS,Org_6,Part_10,FinProd_8,ComProd_2,Mkt_2,App_3,Agc_10,Com_6
01/02/2023,UK,CLT_639,0,BLS,Org_10,Part_8,FinProd_8,ComProd_2,Mkt_9,App_4,Agc_8,Com_2
01/08/2023,UK,CLT_640,0,ELS,Org_4,Part_4,FinProd_6,ComProd_8,Mkt_9,App_3,Agc_6,Com_5
01/04/2023,NL,CLT_641,1,ELS,Org_5,Part_7,FinProd_8,ComProd_4,Mkt_4,App_1,Agc_10,Com_8
01/02/2023,UK,CLT_642,1,BLS,Org_7,Part_6,FinProd_7,ComProd_3,Mkt_8,App_5,Agc_5,Com_5
01/03/2023,IT,CLT_643,0,ELS,Org_3,Part_3,FinProd_3,ComProd_8,Mkt_2,App_3,Agc_8,Com_9
01/05/2023,BE,CLT_644,1,BLS,Org_5,Part_9,FinProd_1,ComProd_9,Mkt_6,App_10,Agc_5,Com_4
01/02/2023,IT,CLT_645,0,BLS,Org_7,Part_8,FinProd_4,ComProd_10,Mkt_4,App_7,Agc_6,Com_8
01/07/2023,DE,CLT_646,0,TLS,Org_10,Part_2,FinProd_5,ComProd_2,Mkt_7,App_2,Agc_10,Com_7
01/03/2023,BE,CLT_647,1,ELS,Org_2,Part_5,FinProd_7,ComProd_8,Mkt_9,App_9,Agc_9,Com_8
01/02/2023,NL,CLT_648,1,TLS,Org_4,Part_8,FinProd_4,ComProd_6,Mkt_6,App_6,Agc_9,Com_8
01/09/2023,IT,CLT_649,0,ELS,Org_1,Part_5,FinProd_10,ComProd_4,Mkt_10,App_4,Agc_3,Com_9
01/12/2023,BE,CLT_650,0,BLS,Org_6,Part_9,FinProd_8,ComProd_2,Mkt_8,App_3,Agc_2,Com_5
01/08/2023,ES,CLT_651,0,TLS,Org_1,Part_10,FinProd_8,ComProd_8,Mkt_1,App_1,Agc_2,Com_3
01/10/2023,UK,CLT_652,1,ELS,Org_10,Part_2,FinProd_8,ComProd_2,Mkt_7,App_3,Agc_2,Com_9
01/06/2023,IT,CLT_653,0,ELS,Org_9,Part_10,FinProd_2,ComProd_8,Mkt_4,App_6,Agc_2,Com_1
01/05/2023,UK,CLT_654,0,ELS,Org_5,Part_1,FinProd_4,ComProd_4,Mkt_10,App_9,Agc_4,Com_9
01/11/2023,FR,CLT_655,0,TLS,Org_7,Part_10,FinProd_4,ComProd_10,Mkt_1,App_5,Agc_6,Com_5
01/05/2023,FR,CLT_656,0,BLS,Org_9,Part_8,FinProd_7,ComProd_4,Mkt_10,App_4,Agc_10,Com_8
01/12/2023,FR,CLT_657,0,ELS,Org_1,Part_10,FinProd_2,ComProd_2,Mkt_2,App_8,Agc_1,Com_3
01/10/2023,IT,CLT_658,1,BLS,Org_5,Part_5,FinProd_10,ComProd_2,Mkt_8,App_2,Agc_3,Com_7
01/04/2023,ES,CLT_659,0,BLS,Org_9,Part_5,FinProd_2,ComProd_5,Mkt_5,App_2,Agc_3,Com_9
01/05/2023,IT,CLT_660,1,TLS,Org_1,Part_3,FinProd_7,ComProd_4,Mkt_5,App_5,Agc_9,Com_8
01/12/2023,BE,CLT_661,1,BLS,Org_8,Part_4,FinProd_2,ComProd_10,Mkt_6,App_3,Agc_8,Com_6
01/01/2023,UK,CLT_662,1,TLS,Org_7,Part_7,FinProd_10,ComProd_7,Mkt_2,App_8,Agc_5,Com_8
01/12/2023,FR,CLT_663,1,ELS,Org_10,Part_2,FinProd_4,ComProd_10,Mkt_4,App_2,Agc_3,Com_1
01/04/2023,FR,CLT_664,1,ELS,Org_1,Part_2,FinProd_5,ComProd_5,Mkt_6,App_3,Agc_5,Com_5
01/08/2023,ES,CLT_665,1,BLS,Org_6,Part_1,FinProd_1,ComProd_10,Mkt_5,App_10,Agc_6,Com_6
01/12/2023,IT,CLT_666,0,TLS,Org_1,Part_4,FinProd_9,ComProd_7,Mkt_10,App_8,Agc_1,Com_10
01/04/2023,ES,CLT_667,0,ELS,Org_1,Part_4,FinProd_2,ComProd_1,Mkt_10,App_6,Agc_9,Com_5
01/11/2023,ES,CLT_668,1,BLS,Org_7,Part_9,FinProd_9,ComProd_7,Mkt_9,App_5,Agc_10,Com_6
01/03/2023,FR,CLT_669,0,BLS,Org_3,Part_3,FinProd_5,ComProd_9,Mkt_2,App_9,Agc_8,Com_6
01/01/2023,NL,CLT_670,1,ELS,Org_9,Part_7,FinProd_10,ComProd_2,Mkt_9,App_10,Agc_4,Com_5
01/01/2023,FR,CLT_671,0,TLS,Org_9,Part_7,FinProd_9,ComProd_5,Mkt_3,App_10,Agc_3,Com_7
01/12/2023,ES,CLT_672,0,BLS,Org_9,Part_6,FinProd_2,ComProd_9,Mkt_4,App_9,Agc_6,Com_10
01/03/2023,ES,CLT_673,0,TLS,Org_10,Part_9,FinProd_9,ComProd_1,Mkt_9,App_1,Agc_6,Com_5
01/03/2023,DE,CLT_674,0,ELS,Org_1,Part_7,FinProd_3,ComProd_8,Mkt_2,App_1,Agc_2,Com_9
01/05/2023,IT,CLT_675,1,ELS,Org_10,Part_4,FinProd_7,ComProd_5,Mkt_3,App_10,Agc_7,Com_7
01/09/2023,NL,CLT_676,1,BLS,Org_8,Part_5,FinProd_4,ComProd_8,Mkt_6,App_6,Agc_2,Com_7
01/07/2023,DE,CLT_677,1,ELS,Org_1,Part_4,FinProd_8,ComProd_1,Mkt_5,App_5,Agc_1,Com_6
01/06/2023,ES,CLT_678,1,TLS,Org_5,Part_4,FinProd_8,ComProd_7,Mkt_5,App_1,Agc_4,Com_5
01/01/2023,NL,CLT_679,1,ELS,Org_10,Part_1,FinProd_6,ComProd_2,Mkt_10,App_1,Agc_1,Com_9
01/05/2023,ES,CLT_680,0,ELS,Org_8,Part_7,FinProd_1,ComProd_8,Mkt_4,App_9,Agc_2,Com_8
01/02/2023,BE,CLT_681,0,ELS,Org_6,Part_2,FinProd_6,ComProd_8,Mkt_6,App_7,Agc_1,Com_1
01/08/2023,NL,CLT_682,1,ELS,Org_10,Part_2,FinProd_10,ComProd_10,Mkt_3,App_2,Agc_9,Com_5
01/05/2023,ES,CLT_683,0,TLS,Org_5,Part_1,FinProd_8,ComProd_1,Mkt_3,App_10,Agc_6,Com_5
01/07/2023,IT,CLT_684,1,ELS,Org_6,Part_6,FinProd_7,ComProd_2,Mkt_5,App_9,Agc_5,Com_1
01/10/2023,IT,CLT_685,1,BLS,Org_1,Part_7,FinProd_9,ComProd_9,Mkt_2,App_7,Agc_2,Com_5
01/06/2023,NL,CLT_686,1,ELS,Org_4,Part_6,FinProd_9,ComProd_9,Mkt_1,App_10,Agc_3,Com_4
01/08/2023,UK,CLT_687,1,BLS,Org_7,Part_6,FinProd_6,ComProd_4,Mkt_6,App_5,Agc_2,Com_8
01/05/2023,NL,CLT_688,1,BLS,Org_9,Part_5,FinProd_4,ComProd_7,Mkt_6,App_4,Agc_7,Com_10
01/08/2023,IT,CLT_689,1,TLS,Org_4,Part_8,FinProd_3,ComProd_3,Mkt_6,App_4,Agc_2,Com_9
01/05/2023,IT,CLT_690,0,ELS,Org_3,Part_8,FinProd_10,ComProd_6,Mkt_2,App_10,Agc_1,Com_4
01/09/2023,FR,CLT_691,1,ELS,Org_3,Part_4,FinProd_10,ComProd_7,Mkt_8,App_4,Agc_2,Com_7
01/04/2023,IT,CLT_692,1,ELS,Org_7,Part_7,FinProd_8,ComProd_9,Mkt_5,App_1,Agc_4,Com_1
01/04/2023,IT,CLT_693,0,ELS,Org_4,Part_2,FinProd_4,ComProd_8,Mkt_2,App_5,Agc_7,Com_1
01/12/2023,ES,CLT_694,1,ELS,Org_7,Part_9,FinProd_9,ComProd_1,Mkt_10,App_2,Agc_5,Com_4
01/07/2023,DE,CLT_695,1,ELS,Org_8,Part_2,FinProd_3,ComProd_6,Mkt_8,App_9,Agc_1,Com_6
01/04/2023,BE,CLT_696,1,TLS,Org_7,Part_10,FinProd_9,ComProd_1,Mkt_10,App_3,Agc_3,Com_3
01/07/2023,UK,CLT_697,1,ELS,Org_2,Part_3,FinProd_4,ComProd_3,Mkt_9,App_9,Agc_6,Com_2
01/02/2023,NL,CLT_698,1,BLS,Org_6,Part_6,FinProd_1,ComProd_6,Mkt_6,App_1,Agc_4,Com_2
01/12/2023,FR,CLT_699,1,TLS,Org_8,Part_9,FinProd_3,ComProd_2,Mkt_7,App_8,Agc_2,Com_1
01/09/2023,UK,CLT_700,0,ELS,Org_2,Part_9,FinProd_10,ComProd_7,Mkt_9,App_5,Agc_9,Com_7
01/05/2023,BE,CLT_701,0,ELS,Org_7,Part_2,FinProd_10,ComProd_3,Mkt_8,App_7,Agc_1,Com_10
01/03/2023,NL,CLT_702,0,BLS,Org_3,Part_8,FinProd_7,ComProd_4,Mkt_6,App_9,Agc_10,Com_6
01/01/2023,DE,CLT_703,0,ELS,Org_9,Part_8,FinProd_6,ComProd_7,Mkt_8,App_4,Agc_1,Com_1
01/10/2023,IT,CLT_704,1,BLS,Org_6,Part_3,FinProd_7,ComProd_7,Mkt_3,App_7,Agc_9,Com_8
01/10/2023,ES,CLT_705,0,BLS,Org_3,Part_6,FinProd_3,ComProd_8,Mkt_6,App_7,Agc_5,Com_3
01/04/2023,NL,CLT_706,0,TLS,Org_1,Part_9,FinProd_8,ComProd_6,Mkt_7,App_8,Agc_6,Com_1
01/03/2023,ES,CLT_707,1,TLS,Org_9,Part_6,FinProd_1,ComProd_6,Mkt_1,App_9,Agc_4,Com_4
01/02/2023,IT,CLT_708,1,TLS,Org_1,Part_6,FinProd_1,ComProd_5,Mkt_6,App_1,Agc_2,Com_3
01/01/2023,DE,CLT_709,1,BLS,Org_4,Part_6,FinProd_3,ComProd_8,Mkt_10,App_10,Agc_6,Com_3
01/12/2023,DE,CLT_710,1,ELS,Org_3,Part_4,FinProd_2,ComProd_1,Mkt_6,App_3,Agc_7,Com_10
01/05/2023,IT,CLT_711,0,BLS,Org_4,Part_5,FinProd_6,ComProd_7,Mkt_3,App_4,Agc_10,Com_9
01/03/2023,ES,CLT_712,1,TLS,Org_4,Part_5,FinProd_8,ComProd_6,Mkt_3,App_10,Agc_5,Com_6
01/07/2023,ES,CLT_713,0,TLS,Org_6,Part_4,FinProd_8,ComProd_6,Mkt_4,App_2,Agc_9,Com_2
01/12/2023,IT,CLT_714,0,BLS,Org_6,Part_8,FinProd_5,ComProd_2,Mkt_1,App_9,Agc_4,Com_6
01/12/2023,ES,CLT_715,1,ELS,Org_1,Part_3,FinProd_5,ComProd_5,Mkt_8,App_3,Agc_4,Com_9
01/05/2023,DE,CLT_716,0,TLS,Org_8,Part_1,FinProd_8,ComProd_6,Mkt_7,App_7,Agc_4,Com_10
01/06/2023,DE,CLT_717,0,ELS,Org_4,Part_7,FinProd_4,ComProd_7,Mkt_6,App_3,Agc_10,Com_8
01/05/2023,NL,CLT_718,0,BLS,Org_2,Part_6,FinProd_6,ComProd_10,Mkt_5,App_1,Agc_9,Com_7
01/04/2023,IT,CLT_719,1,ELS,Org_7,Part_3,FinProd_10,ComProd_2,Mkt_9,App_7,Agc_8,Com_6
01/02/2023,NL,CLT_720,0,TLS,Org_7,Part_1,FinProd_9,ComProd_2,Mkt_1,App_10,Agc_3,Com_3
01/04/2023,UK,CLT_721,0,TLS,Org_3,Part_7,FinProd_8,ComProd_8,Mkt_6,App_10,Agc_10,Com_6
01/11/2023,IT,CLT_722,0,BLS,Org_4,Part_6,FinProd_10,ComProd_5,Mkt_8,App_9,Agc_6,Com_10
01/07/2023,BE,CLT_723,1,TLS,Org_8,Part_10,FinProd_3,ComProd_10,Mkt_10,App_7,Agc_9,Com_6
01/09/2023,ES,CLT_724,1,ELS,Org_1,Part_8,FinProd_4,ComProd_2,Mkt_4,App_2,Agc_5,Com_4
01/11/2023,UK,CLT_725,1,ELS,Org_4,Part_9,FinProd_5,ComProd_7,Mkt_3,App_9,Agc_10,Com_7
01/01/2023,BE,CLT_726,1,ELS,Org_5,Part_7,FinProd_3,ComProd_5,Mkt_9,App_5,Agc_2,Com_7
01/08/2023,NL,CLT_727,1,ELS,Org_2,Part_10,FinProd_5,ComProd_9,Mkt_8,App_5,Agc_4,Com_9
01/10/2023,DE,CLT_728,0,BLS,Org_8,Part_1,FinProd_8,ComProd_5,Mkt_9,App_9,Agc_2,Com_4
01/04/2023,BE,CLT_729,1,ELS,Org_10,Part_6,FinProd_9,ComProd_3,Mkt_4,App_7,Agc_6,Com_2
01/05/2023,FR,CLT_730,0,BLS,Org_10,Part_4,FinProd_9,ComProd_5,Mkt_3,App_8,Agc_8,Com_3
01/01/2023,DE,CLT_731,0,TLS,Org_8,Part_7,FinProd_1,ComProd_9,Mkt_4,App_10,Agc_1,Com_1
01/11/2023,IT,CLT_732,0,TLS,Org_1,Part_4,FinProd_1,ComProd_4,Mkt_9,App_6,Agc_10,Com_10
01/06/2023,FR,CLT_733,1,BLS,Org_9,Part_6,FinProd_6,ComProd_3,Mkt_9,App_8,Agc_3,Com_9
01/08/2023,BE,CLT_734,0,BLS,Org_2,Part_9,FinProd_1,ComProd_5,Mkt_5,App_5,Agc_2,Com_10
01/04/2023,ES,CLT_735,0,ELS,Org_10,Part_4,FinProd_4,ComProd_9,Mkt_10,App_4,Agc_4,Com_7
01/06/2023,FR,CLT_736,0,BLS,Org_3,Part_2,FinProd_3,ComProd_9,Mkt_4,App_8,Agc_10,Com_2
01/06/2023,BE,CLT_737,1,TLS,Org_1,Part_8,FinProd_3,ComProd_5,Mkt_10,App_10,Agc_9,Com_2
01/11/2023,NL,CLT_738,0,BLS,Org_7,Part_8,FinProd_9,ComProd_5,Mkt_2,App_9,Agc_6,Com_4
01/07/2023,DE,CLT_739,0,BLS,Org_4,Part_1,FinProd_7,ComProd_6,Mkt_10,App_4,Agc_2,Com_4
01/02/2023,ES,CLT_740,1,TLS,Org_3,Part_5,FinProd_7,ComProd_3,Mkt_1,App_10,Agc_6,Com_2
01/09/2023,FR,CLT_741,0,ELS,Org_4,Part_3,FinProd_1,ComProd_3,Mkt_5,App_10,Agc_2,Com_8
01/01/2023,DE,CLT_742,1,BLS,Org_8,Part_10,FinProd_3,ComProd_4,Mkt_6,App_6,Agc_8,Com_10
01/08/2023,FR,CLT_743,0,BLS,Org_8,Part_10,FinProd_2,ComProd_9,Mkt_8,App_9,Agc_9,Com_7
01/06/2023,NL,CLT_744,1,BLS,Org_3,Part_6,FinProd_2,ComProd_3,Mkt_3,App_2,Agc_5,Com_1
01/06/2023,BE,CLT_745,0,ELS,Org_5,Part_2,FinProd_1,ComProd_10,Mkt_7,App_2,Agc_3,Com_8
01/06/2023,IT,CLT_746,1,TLS,Org_5,Part_2,FinProd_3,ComProd_3,Mkt_1,App_1,Agc_2,Com_1
01/11/2023,DE,CLT_747,0,BLS,Org_7,Part_1,FinProd_2,ComProd_2,Mkt_4,App_3,Agc_1,Com_7
01/12/2023,BE,CLT_748,0,TLS,Org_5,Part_7,FinProd_2,ComProd_8,Mkt_4,App_4,Agc_2,Com_3
01/07/2023,DE,CLT_749,0,ELS,Org_4,Part_3,FinProd_5,ComProd_2,Mkt_9,App_7,Agc_10,Com_9
01/06/2023,NL,CLT_750,1,TLS,Org_3,Part_9,FinProd_3,ComProd_6,Mkt_9,App_6,Agc_8,Com_7
01/03/2023,UK,CLT_751,1,TLS,Org_6,Part_6,FinProd_2,ComProd_2,Mkt_1,App_9,Agc_7,Com_10
01/05/2023,UK,CLT_752,0,BLS,Org_2,Part_7,FinProd_8,ComProd_5,Mkt_3,App_7,Agc_7,Com_2
01/07/2023,BE,CLT_753,0,ELS,Org_2,Part_6,FinProd_1,ComProd_8,Mkt_2,App_6,Agc_3,Com_1
01/07/2023,ES,CLT_754,1,BLS,Org_3,Part_1,FinProd_5,ComProd_1,Mkt_1,App_3,Agc_3,Com_7
01/02/2023,ES,CLT_755,1,ELS,Org_4,Part_7,FinProd_9,ComProd_4,Mkt_10,App_10,Agc_8,Com_3
01/10/2023,FR,CLT_756,1,ELS,Org_6,Part_10,FinProd_8,ComProd_10,Mkt_10,App_10,Agc_1,Com_8
01/09/2023,DE,CLT_757,1,BLS,Org_6,Part_4,FinProd_7,ComProd_2,Mkt_8,App_9,Agc_6,Com_5
01/06/2023,FR,CLT_758,0,ELS,Org_1,Part_4,FinProd_2,ComProd_7,Mkt_7,App_3,Agc_2,Com_5
01/04/2023,IT,CLT_759,1,BLS,Org_4,Part_9,FinProd_1,ComProd_4,Mkt_1,App_4,Agc_8,Com_6
01/01/2023,UK,CLT_760,0,BLS,Org_9,Part_10,FinProd_10,ComProd_4,Mkt_4,App_6,Agc_9,Com_7
01/04/2023,FR,CLT_761,1,TLS,Org_3,Part_7,FinProd_2,ComProd_4,Mkt_9,App_9,Agc_8,Com_1
01/04/2023,BE,CLT_762,0,TLS,Org_1,Part_1,FinProd_3,ComProd_1,Mkt_8,App_6,Agc_10,Com_6
01/05/2023,BE,CLT_763,1,BLS,Org_2,Part_9,FinProd_3,ComProd_4,Mkt_4,App_6,Agc_3,Com_2
01/11/2023,IT,CLT_764,0,ELS,Org_5,Part_9,FinProd_7,ComProd_2,Mkt_10,App_9,Agc_2,Com_9
01/04/2023,NL,CLT_765,0,ELS,Org_4,Part_10,FinProd_1,ComProd_10,Mkt_4,App_2,Agc_10,Com_5
01/07/2023,NL,CLT_766,1,TLS,Org_7,Part_9,FinProd_7,ComProd_2,Mkt_10,App_7,Agc_1,Com_4
01/11/2023,NL,CLT_767,0,ELS,Org_8,Part_5,FinProd_6,ComProd_3,Mkt_10,App_4,Agc_7,Com_9
01/03/2023,BE,CLT_768,1,BLS,Org_6,Part_5,FinProd_9,ComProd_3,Mkt_5,App_5,Agc_3,Com_7
01/12/2023,IT,CLT_769,1,ELS,Org_5,Part_6,FinProd_4,ComProd_8,Mkt_1,App_8,Agc_5,Com_10
01/08/2023,NL,CLT_770,1,TLS,Org_9,Part_3,FinProd_1,ComProd_3,Mkt_5,App_7,Agc_7,Com_1
01/04/2023,UK,CLT_771,0,ELS,Org_8,Part_5,FinProd_5,ComProd_6,Mkt_5,App_8,Agc_2,Com_8
01/05/2023,FR,CLT_772,1,BLS,Org_10,Part_4,FinProd_9,ComProd_6,Mkt_1,App_4,Agc_1,Com_4
01/10/2023,IT,CLT_773,0,BLS,Org_8,Part_9,FinProd_4,ComProd_6,Mkt_7,App_6,Agc_1,Com_2
01/01/2023,DE,CLT_774,1,BLS,Org_10,Part_6,FinProd_10,ComProd_5,Mkt_8,App_4,Agc_6,Com_5
01/08/2023,BE,CLT_775,0,ELS,Org_1,Part_4,FinProd_3,ComProd_8,Mkt_5,App_5,Agc_9,Com_7
01/12/2023,UK,CLT_776,0,TLS,Org_6,Part_6,FinProd_1,ComProd_2,Mkt_8,App_1,Agc_4,Com_3
01/02/2023,BE,CLT_777,1,ELS,Org_3,Part_3,FinProd_9,ComProd_2,Mkt_1,App_10,Agc_8,Com_3
01/04/2023,DE,CLT_778,0,ELS,Org_2,Part_1,FinProd_4,ComProd_5,Mkt_8,App_8,Agc_10,Com_4
01/07/2023,BE,CLT_779,1,BLS,Org_10,Part_3,FinProd_9,ComProd_9,Mkt_7,App_6,Agc_4,Com_7
01/11/2023,DE,CLT_780,0,BLS,Org_8,Part_2,FinProd_10,ComProd_3,Mkt_8,App_2,Agc_9,Com_1
01/07/2023,UK,CLT_781,1,BLS,Org_8,Part_5,FinProd_2,ComProd_6,Mkt_6,App_4,Agc_4,Com_7
01/03/2023,FR,CLT_782,0,TLS,Org_8,Part_7,FinProd_8,ComProd_7,Mkt_3,App_9,Agc_9,Com_8
01/11/2023,UK,CLT_783,1,BLS,Org_8,Part_3,FinProd_6,ComProd_4,Mkt_8,App_8,Agc_10,Com_10
01/07/2023,IT,CLT_784,1,TLS,Org_7,Part_4,FinProd_6,ComProd_3,Mkt_4,App_10,Agc_4,Com_7
01/02/2023,NL,CLT_785,0,BLS,Org_2,Part_6,FinProd_6,ComProd_9,Mkt_6,App_3,Agc_2,Com_4
01/12/2023,DE,CLT_786,1,TLS,Org_1,Part_1,FinProd_9,ComProd_7,Mkt_8,App_2,Agc_10,Com_8
01/01/2023,IT,CLT_787,1,BLS,Org_8,Part_10,FinProd_8,ComProd_1,Mkt_10,App_2,Agc_8,Com_1
01/11/2023,IT,CLT_788,1,TLS,Org_6,Part_3,FinProd_10,ComProd_2,Mkt_7,App_5,Agc_2,Com_4
01/12/2023,UK,CLT_789,1,TLS,Org_2,Part_2,FinProd_6,ComProd_4,Mkt_4,App_5,Agc_2,Com_1
01/12/2023,DE,CLT_790,0,BLS,Org_8,Part_8,FinProd_6,ComProd_10,Mkt_6,App_10,Agc_3,Com_3
01/02/2023,BE,CLT_791,1,ELS,Org_2,Part_9,FinProd_5,ComProd_6,Mkt_3,App_7,Agc_5,Com_5
01/04/2023,FR,CLT_792,0,ELS,Org_5,Part_8,FinProd_1,ComProd_7,Mkt_9,App_10,Agc_10,Com_7
01/02/2023,ES,CLT_793,1,ELS,Org_4,Part_9,FinProd_7,ComProd_8,Mkt_7,App_7,Agc_2,Com_6
01/08/2023,BE,CLT_794,1,ELS,Org_10,Part_4,FinProd_5,ComProd_2,Mkt_1,App_9,Agc_4,Com_9
01/12/2023,IT,CLT_795,1,ELS,Org_8,Part_4,FinProd_9,ComProd_8,Mkt_1,App_8,Agc_10,Com_8
01/12/2023,ES,CLT_796,1,ELS,Org_3,Part_3,FinProd_1,ComProd_8,Mkt_8,App_7,Agc_8,Com_8
01/04/2023,ES,CLT_797,0,ELS,Org_10,Part_9,FinProd_1,ComProd_7,Mkt_10,App_5,Agc_2,Com_1
01/09/2023,FR,CLT_798,1,ELS,Org_1,Part_3,FinProd_3,ComProd_4,Mkt_10,App_2,Agc_6,Com_1
01/09/2023,FR,CLT_799,0,ELS,Org_3,Part_1,FinProd_1,ComProd_6,Mkt_3,App_1,Agc_7,Com_3
01/03/2023,IT,CLT_800,1,TLS,Org_4,Part_5,FinProd_10,ComProd_4,Mkt_5,App_4,Agc_4,Com_3
01/11/2023,DE,CLT_801,1,BLS,Org_10,Part_9,FinProd_8,ComProd_10,Mkt_1,App_7,Agc_6,Com_10
01/07/2023,UK,CLT_802,1,BLS,Org_2,Part_2,FinProd_8,ComProd_5,Mkt_5,App_10,Agc_7,Com_8
01/06/2023,BE,CLT_803,1,ELS,Org_6,Part_4,FinProd_8,ComProd_6,Mkt_10,App_7,Agc_1,Com_5
01/07/2023,DE,CLT_804,0,TLS,Org_2,Part_2,FinProd_10,ComProd_10,Mkt_2,App_8,Agc_2,Com_8
01/03/2023,FR,CLT_805,1,ELS,Org_9,Part_10,FinProd_7,ComProd_4,Mkt_7,App_9,Agc_9,Com_1
01/12/2023,BE,CLT_806,0,BLS,Org_10,Part_8,FinProd_6,ComProd_9,Mkt_3,App_8,Agc_7,Com_4
01/01/2023,NL,CLT_807,1,BLS,Org_3,Part_5,FinProd_1,ComProd_9,Mkt_8,App_6,Agc_8,Com_9
01/05/2023,NL,CLT_808,1,ELS,Org_2,Part_10,FinProd_8,ComProd_1,Mkt_2,App_3,Agc_2,Com_7
01/05/2023,BE,CLT_809,1,ELS,Org_6,Part_10,FinProd_8,ComProd_10,Mkt_10,App_3,Agc_6,Com_3
01/07/2023,FR,CLT_810,1,BLS,Org_8,Part_8,FinProd_8,ComProd_7,Mkt_10,App_10,Agc_3,Com_9
01/02/2023,DE,CLT_811,0,ELS,Org_9,Part_7,FinProd_6,ComProd_7,Mkt_10,App_10,Agc_2,Com_6
01/12/2023,BE,CLT_812,0,TLS,Org_8,Part_10,FinProd_2,ComProd_6,Mkt_4,App_2,Agc_4,Com_8
01/02/2023,ES,CLT_813,0,BLS,Org_8,Part_3,FinProd_8,ComProd_5,Mkt_6,App_9,Agc_10,Com_6
01/04/2023,IT,CLT_814,1,TLS,Org_7,Part_8,FinProd_3,ComProd_2,Mkt_6,App_10,Agc_5,Com_10
01/08/2023,BE,CLT_815,0,TLS,Org_4,Part_8,FinProd_5,ComProd_10,Mkt_1,App_3,Agc_2,Com_10
01/09/2023,FR,CLT_816,0,ELS,Org_8,Part_1,FinProd_5,ComProd_9,Mkt_8,App_1,Agc_1,Com_9
01/04/2023,ES,CLT_817,1,TLS,Org_7,Part_1,FinProd_1,ComProd_4,Mkt_8,App_7,Agc_3,Com_10
01/09/2023,NL,CLT_818,0,TLS,Org_6,Part_9,FinProd_5,ComProd_7,Mkt_6,App_7,Agc_7,Com_1
01/02/2023,DE,CLT_819,1,ELS,Org_7,Part_10,FinProd_2,ComProd_3,Mkt_10,App_4,Agc_3,Com_8
01/06/2023,IT,CLT_820,1,TLS,Org_4,Part_7,FinProd_2,ComProd_8,Mkt_9,App_3,Agc_8,Com_5
01/11/2023,IT,CLT_821,1,BLS,Org_9,Part_1,FinProd_6,ComProd_5,Mkt_10,App_8,Agc_5,Com_6
01/10/2023,UK,CLT_822,1,BLS,Org_10,Part_1,FinProd_7,ComProd_1,Mkt_1,App_5,Agc_9,Com_3
01/11/2023,BE,CLT_823,0,BLS,Org_5,Part_7,FinProd_4,ComProd_6,Mkt_2,App_1,Agc_6,Com_3
01/05/2023,UK,CLT_824,1,TLS,Org_7,Part_2,FinProd_4,ComProd_2,Mkt_10,App_4,Agc_3,Com_9
01/10/2023,UK,CLT_825,1,ELS,Org_6,Part_9,FinProd_8,ComProd_1,Mkt_8,App_10,Agc_1,Com_2
01/01/2023,DE,CLT_826,1,ELS,Org_10,Part_3,FinProd_6,ComProd_3,Mkt_5,App_2,Agc_5,Com_7
01/01/2023,BE,CLT_827,1,TLS,Org_4,Part_10,FinProd_9,ComProd_6,Mkt_2,App_2,Agc_5,Com_9
01/08/2023,ES,CLT_828,1,ELS,Org_10,Part_10,FinProd_5,ComProd_5,Mkt_3,App_2,Agc_3,Com_4
01/05/2023,DE,CLT_829,0,TLS,Org_5,Part_9,FinProd_10,ComProd_7,Mkt_5,App_8,Agc_5,Com_2
01/05/2023,UK,CLT_830,0,BLS,Org_4,Part_4,FinProd_10,ComProd_10,Mkt_3,App_5,Agc_2,Com_8
01/08/2023,UK,CLT_831,1,BLS,Org_9,Part_2,FinProd_2,ComProd_10,Mkt_8,App_10,Agc_1,Com_8
01/04/2023,DE,CLT_832,1,BLS,Org_7,Part_10,FinProd_8,ComProd_7,Mkt_4,App_4,Agc_6,Com_8
01/10/2023,UK,CLT_833,0,ELS,Org_9,Part_1,FinProd_4,ComProd_3,Mkt_9,App_6,Agc_3,Com_9
01/07/2023,NL,CLT_834,0,BLS,Org_1,Part_1,FinProd_10,ComProd_5,Mkt_9,App_3,Agc_6,Com_2
01/10/2023,IT,CLT_835,1,ELS,Org_9,Part_1,FinProd_5,ComProd_5,Mkt_2,App_3,Agc_8,Com_7
01/11/2023,BE,CLT_836,1,ELS,Org_4,Part_6,FinProd_3,ComProd_6,Mkt_5,App_5,Agc_2,Com_1
01/12/2023,FR,CLT_837,1,ELS,Org_7,Part_10,FinProd_2,ComProd_7,Mkt_2,App_9,Agc_8,Com_7
01/09/2023,IT,CLT_838,1,ELS,Org_7,Part_5,FinProd_2,ComProd_7,Mkt_10,App_4,Agc_5,Com_4
01/01/2023,NL,CLT_839,0,BLS,Org_5,Part_2,FinProd_8,ComProd_3,Mkt_4,App_9,Agc_2,Com_7
01/02/2023,DE,CLT_840,0,BLS,Org_8,Part_1,FinProd_6,ComProd_1,Mkt_10,App_7,Agc_8,Com_9
01/04/2023,NL,CLT_841,1,BLS,Org_7,Part_3,FinProd_6,ComProd_4,Mkt_4,App_10,Agc_8,Com_3
01/01/2023,NL,CLT_842,0,BLS,Org_8,Part_9,FinProd_3,ComProd_6,Mkt_7,App_3,Agc_1,Com_9
01/11/2023,FR,CLT_843,0,TLS,Org_3,Part_3,FinProd_5,ComProd_10,Mkt_7,App_4,Agc_2,Com_6
01/12/2023,BE,CLT_844,1,ELS,Org_2,Part_9,FinProd_4,ComProd_3,Mkt_8,App_2,Agc_3,Com_4
01/05/2023,IT,CLT_845,1,TLS,Org_3,Part_8,FinProd_5,ComProd_3,Mkt_5,App_9,Agc_2,Com_8
01/11/2023,FR,CLT_846,0,BLS,Org_3,Part_6,FinProd_8,ComProd_9,Mkt_10,App_10,Agc_10,Com_1
01/09/2023,ES,CLT_847,0,TLS,Org_5,Part_1,FinProd_5,ComProd_5,Mkt_3,App_1,Agc_6,Com_1
01/03/2023,UK,CLT_848,0,ELS,Org_3,Part_3,FinProd_7,ComProd_1,Mkt_6,App_3,Agc_5,Com_4
01/02/2023,ES,CLT_849,1,ELS,Org_3,Part_6,FinProd_10,ComProd_2,Mkt_7,App_7,Agc_6,Com_4
01/01/2023,NL,CLT_850,1,ELS,Org_5,Part_5,FinProd_6,ComProd_9,Mkt_6,App_5,Agc_3,Com_6
01/12/2023,FR,CLT_851,0,ELS,Org_8,Part_1,FinProd_5,ComProd_4,Mkt_2,App_1,Agc_2,Com_3
01/01/2023,BE,CLT_852,0,ELS,Org_6,Part_9,FinProd_7,ComProd_3,Mkt_4,App_10,Agc_1,Com_9
01/11/2023,FR,CLT_853,1,ELS,Org_7,Part_1,FinProd_4,ComProd_6,Mkt_4,App_2,Agc_10,Com_7
01/10/2023,BE,CLT_854,0,BLS,Org_1,Part_1,FinProd_1,ComProd_8,Mkt_6,App_3,Agc_10,Com_10
01/09/2023,ES,CLT_855,0,TLS,Org_1,Part_4,FinProd_6,ComProd_4,Mkt_2,App_7,Agc_4,Com_10
01/12/2023,FR,CLT_856,1,ELS,Org_2,Part_6,FinProd_2,ComProd_2,Mkt_9,App_8,Agc_7,Com_3
01/12/2023,ES,CLT_857,0,ELS,Org_5,Part_9,FinProd_7,ComProd_2,Mkt_6,App_6,Agc_6,Com_10
01/02/2023,UK,CLT_858,0,TLS,Org_1,Part_6,FinProd_8,ComProd_5,Mkt_7,App_10,Agc_10,Com_7
01/07/2023,FR,CLT_859,0,TLS,Org_8,Part_6,FinProd_5,ComProd_10,Mkt_3,App_5,Agc_5,Com_10
01/09/2023,ES,CLT_860,0,TLS,Org_5,Part_3,FinProd_5,ComProd_7,Mkt_4,App_1,Agc_5,Com_10
01/08/2023,DE,CLT_861,1,BLS,Org_2,Part_2,FinProd_9,ComProd_5,Mkt_10,App_4,Agc_10,Com_3
01/12/2023,UK,CLT_862,0,BLS,Org_3,Part_6,FinProd_7,ComProd_8,Mkt_9,App_10,Agc_7,Com_10
01/02/2023,DE,CLT_863,0,TLS,Org_3,Part_2,FinProd_6,ComProd_10,Mkt_3,App_1,Agc_8,Com_5
01/08/2023,UK,CLT_864,1,TLS,Org_9,Part_6,FinProd_4,ComProd_4,Mkt_7,App_5,Agc_9,Com_3
01/03/2023,NL,CLT_865,0,TLS,Org_4,Part_9,FinProd_5,ComProd_8,Mkt_9,App_8,Agc_5,Com_8
01/03/2023,UK,CLT_866,1,BLS,Org_4,Part_10,FinProd_3,ComProd_8,Mkt_8,App_2,Agc_7,Com_5
01/03/2023,NL,CLT_867,1,BLS,Org_5,Part_3,FinProd_10,ComProd_1,Mkt_1,App_1,Agc_7,Com_4
01/05/2023,DE,CLT_868,1,ELS,Org_4,Part_6,FinProd_10,ComProd_5,Mkt_1,App_2,Agc_8,Com_5
01/04/2023,ES,CLT_869,0,ELS,Org_3,Part_1,FinProd_1,ComProd_2,Mkt_9,App_8,Agc_6,Com_3
01/12/2023,ES,CLT_870,0,BLS,Org_1,Part_5,FinProd_5,ComProd_10,Mkt_4,App_10,Agc_5,Com_2
01/06/2023,NL,CLT_871,1,ELS,Org_8,Part_7,FinProd_7,ComProd_9,Mkt_10,App_1,Agc_4,Com_4
01/10/2023,NL,CLT_872,0,ELS,Org_6,Part_8,FinProd_2,ComProd_8,Mkt_7,App_1,Agc_5,Com_6
01/03/2023,FR,CLT_873,1,BLS,Org_9,Part_6,FinProd_7,ComProd_7,Mkt_7,App_8,Agc_3,Com_7
01/11/2023,UK,CLT_874,0,ELS,Org_5,Part_6,FinProd_9,ComProd_5,Mkt_2,App_5,Agc_2,Com_6
01/07/2023,FR,CLT_875,0,BLS,Org_10,Part_7,FinProd_9,ComProd_10,Mkt_1,App_7,Agc_8,Com_2
01/07/2023,IT,CLT_876,1,BLS,Org_7,Part_7,FinProd_2,ComProd_1,Mkt_1,App_5,Agc_2,Com_5
01/10/2023,UK,CLT_877,0,BLS,Org_2,Part_4,FinProd_5,ComProd_3,Mkt_1,App_3,Agc_7,Com_3
01/09/2023,UK,CLT_878,0,BLS,Org_2,Part_2,FinProd_9,ComProd_6,Mkt_9,App_7,Agc_2,Com_5
01/11/2023,UK,CLT_879,1,BLS,Org_2,Part_4,FinProd_6,ComProd_4,Mkt_6,App_9,Agc_5,Com_8
01/12/2023,DE,CLT_880,0,TLS,Org_3,Part_8,FinProd_4,ComProd_10,Mkt_7,App_5,Agc_9,Com_4
01/12/2023,FR,CLT_881,0,TLS,Org_2,Part_8,FinProd_6,ComProd_6,Mkt_1,App_2,Agc_8,Com_5
01/12/2023,IT,CLT_882,0,BLS,Org_7,Part_3,FinProd_10,ComProd_9,Mkt_4,App_7,Agc_10,Com_8
01/10/2023,FR,CLT_883,0,TLS,Org_8,Part_8,FinProd_6,ComProd_8,Mkt_5,App_2,Agc_9,Com_7
01/09/2023,BE,CLT_884,0,ELS,Org_3,Part_2,FinProd_9,ComProd_10,Mkt_8,App_2,Agc_10,Com_4
01/11/2023,NL,CLT_885,1,TLS,Org_10,Part_1,FinProd_5,ComProd_6,Mkt_9,App_7,Agc_5,Com_8
01/07/2023,ES,CLT_886,1,TLS,Org_8,Part_10,FinProd_1,ComProd_3,Mkt_1,App_4,Agc_4,Com_3
01/11/2023,ES,CLT_887,1,ELS,Org_1,Part_6,FinProd_6,ComProd_2,Mkt_10,App_4,Agc_8,Com_4
01/11/2023,FR,CLT_888,1,BLS,Org_3,Part_5,FinProd_3,ComProd_4,Mkt_10,App_4,Agc_1,Com_10
01/05/2023,IT,CLT_889,1,ELS,Org_5,Part_5,FinProd_4,ComProd_8,Mkt_3,App_3,Agc_6,Com_3
01/06/2023,IT,CLT_890,0,BLS,Org_4,Part_10,FinProd_1,ComProd_10,Mkt_7,App_8,Agc_6,Com_5
01/01/2023,IT,CLT_891,0,BLS,Org_10,Part_1,FinProd_7,ComProd_10,Mkt_7,App_6,Agc_8,Com_3
01/02/2023,FR,CLT_892,1,BLS,Org_1,Part_8,FinProd_4,ComProd_7,Mkt_4,App_2,Agc_1,Com_1
01/05/2023,ES,CLT_893,1,TLS,Org_2,Part_10,FinProd_1,ComProd_3,Mkt_9,App_5,Agc_6,Com_7
01/05/2023,UK,CLT_894,0,ELS,Org_6,Part_4,FinProd_8,ComProd_10,Mkt_2,App_5,Agc_9,Com_10
01/03/2023,NL,CLT_895,1,BLS,Org_6,Part_3,FinProd_9,ComProd_8,Mkt_7,App_10,Agc_7,Com_5
01/04/2023,IT,CLT_896,0,BLS,Org_4,Part_1,FinProd_2,ComProd_7,Mkt_5,App_3,Agc_1,Com_6
01/02/2023,BE,CLT_897,1,ELS,Org_7,Part_5,FinProd_8,ComProd_1,Mkt_2,App_7,Agc_4,Com_8
01/07/2023,ES,CLT_898,0,ELS,Org_10,Part_2,FinProd_5,ComProd_10,Mkt_9,App_1,Agc_2,Com_2
01/02/2023,BE,CLT_899,1,ELS,Org_6,Part_4,FinProd_5,ComProd_8,Mkt_7,App_5,Agc_1,Com_10
01/09/2023,NL,CLT_900,1,ELS,Org_6,Part_5,FinProd_8,ComProd_8,Mkt_1,App_4,Agc_1,Com_10
01/08/2023,FR,CLT_901,0,BLS,Org_3,Part_5,FinProd_8,ComProd_5,Mkt_1,App_10,Agc_8,Com_5
01/11/2023,DE,CLT_902,0,BLS,Org_8,Part_7,FinProd_7,ComProd_2,Mkt_1,App_8,Agc_7,Com_5
01/11/2023,UK,CLT_903,1,TLS,Org_8,Part_2,FinProd_1,ComProd_2,Mkt_7,App_4,Agc_6,Com_6
01/09/2023,NL,CLT_904,0,ELS,Org_5,Part_8,FinProd_6,ComProd_7,Mkt_4,App_7,Agc_6,Com_10
01/03/2023,FR,CLT_905,0,ELS,Org_1,Part_10,FinProd_1,ComProd_2,Mkt_6,App_9,Agc_1,Com_7
01/09/2023,BE,CLT_906,1,BLS,Org_7,Part_7,FinProd_10,ComProd_4,Mkt_8,App_1,Agc_5,Com_3
01/05/2023,IT,CLT_907,1,ELS,Org_8,Part_2,FinProd_4,ComProd_3,Mkt_2,App_3,Agc_6,Com_2
01/06/2023,IT,CLT_908,0,BLS,Org_6,Part_8,FinProd_1,ComProd_1,Mkt_3,App_6,Agc_5,Com_7
01/07/2023,FR,CLT_909,1,ELS,Org_1,Part_3,FinProd_5,ComProd_3,Mkt_5,App_8,Agc_9,Com_8
01/08/2023,UK,CLT_910,1,BLS,Org_2,Part_6,FinProd_6,ComProd_3,Mkt_4,App_3,Agc_8,Com_1
01/02/2023,IT,CLT_911,0,TLS,Org_7,Part_8,FinProd_3,ComProd_5,Mkt_4,App_9,Agc_10,Com_10
01/03/2023,FR,CLT_912,0,ELS,Org_9,Part_9,FinProd_2,ComProd_4,Mkt_1,App_7,Agc_5,Com_3
01/10/2023,BE,CLT_913,0,TLS,Org_6,Part_1,FinProd_7,ComProd_8,Mkt_1,App_3,Agc_8,Com_4
01/12/2023,DE,CLT_914,1,BLS,Org_4,Part_6,FinProd_4,ComProd_4,Mkt_5,App_10,Agc_9,Com_9
01/06/2023,IT,CLT_915,0,ELS,Org_7,Part_7,FinProd_3,ComProd_1,Mkt_5,App_8,Agc_7,Com_9
01/05/2023,BE,CLT_916,0,TLS,Org_1,Part_9,FinProd_9,ComProd_2,Mkt_6,App_4,Agc_7,Com_7
01/01/2023,DE,CLT_917,1,TLS,Org_5,Part_1,FinProd_1,ComProd_9,Mkt_2,App_1,Agc_7,Com_7
01/09/2023,NL,CLT_918,0,ELS,Org_4,Part_1,FinProd_3,ComProd_1,Mkt_5,App_10,Agc_8,Com_8
01/06/2023,FR,CLT_919,0,BLS,Org_8,Part_2,FinProd_3,ComProd_3,Mkt_10,App_2,Agc_7,Com_1
01/11/2023,NL,CLT_920,1,ELS,Org_4,Part_10,FinProd_2,ComProd_10,Mkt_8,App_5,Agc_7,Com_5
01/10/2023,ES,CLT_921,0,ELS,Org_3,Part_1,FinProd_5,ComProd_7,Mkt_6,App_1,Agc_2,Com_3
01/09/2023,NL,CLT_922,1,ELS,Org_10,Part_2,FinProd_10,ComProd_8,Mkt_8,App_5,Agc_3,Com_2
01/04/2023,IT,CLT_923,0,BLS,Org_9,Part_10,FinProd_1,ComProd_8,Mkt_1,App_6,Agc_6,Com_3
01/04/2023,BE,CLT_924,0,TLS,Org_3,Part_9,FinProd_2,ComProd_10,Mkt_9,App_7,Agc_6,Com_4
01/10/2023,NL,CLT_925,1,BLS,Org_6,Part_4,FinProd_4,ComProd_8,Mkt_10,App_3,Agc_9,Com_2
01/05/2023,NL,CLT_926,1,BLS,Org_5,Part_8,FinProd_4,ComProd_5,Mkt_10,App_7,Agc_7,Com_5
01/08/2023,DE,CLT_927,0,TLS,Org_6,Part_4,FinProd_6,ComProd_5,Mkt_3,App_9,Agc_5,Com_4
01/05/2023,NL,CLT_928,0,TLS,Org_10,Part_3,FinProd_6,ComProd_3,Mkt_10,App_5,Agc_9,Com_4
01/06/2023,ES,CLT_929,1,ELS,Org_6,Part_5,FinProd_2,ComProd_4,Mkt_6,App_3,Agc_10,Com_5
01/01/2023,BE,CLT_930,0,BLS,Org_4,Part_4,FinProd_5,ComProd_6,Mkt_10,App_5,Agc_7,Com_7
01/12/2023,FR,CLT_931,1,ELS,Org_2,Part_5,FinProd_1,ComProd_3,Mkt_3,App_6,Agc_1,Com_7
01/06/2023,BE,CLT_932,0,TLS,Org_2,Part_2,FinProd_1,ComProd_8,Mkt_10,App_10,Agc_10,Com_2
01/06/2023,IT,CLT_933,1,TLS,Org_5,Part_10,FinProd_10,ComProd_8,Mkt_2,App_7,Agc_6,Com_3
01/01/2023,NL,CLT_934,0,TLS,Org_9,Part_10,FinProd_6,ComProd_2,Mkt_8,App_4,Agc_8,Com_8
01/03/2023,FR,CLT_935,0,ELS,Org_4,Part_4,FinProd_2,ComProd_8,Mkt_2,App_8,Agc_4,Com_9
01/12/2023,FR,CLT_936,0,TLS,Org_7,Part_10,FinProd_4,ComProd_9,Mkt_5,App_4,Agc_2,Com_7
01/11/2023,BE,CLT_937,0,TLS,Org_7,Part_7,FinProd_10,ComProd_2,Mkt_2,App_5,Agc_4,Com_2
01/04/2023,ES,CLT_938,1,TLS,Org_5,Part_8,FinProd_10,ComProd_8,Mkt_8,App_8,Agc_4,Com_4
01/04/2023,UK,CLT_939,0,TLS,Org_1,Part_7,FinProd_7,ComProd_7,Mkt_10,App_10,Agc_8,Com_10
01/12/2023,UK,CLT_940,1,ELS,Org_9,Part_6,FinProd_4,ComProd_1,Mkt_1,App_6,Agc_3,Com_8
01/07/2023,NL,CLT_941,1,ELS,Org_7,Part_3,FinProd_7,ComProd_9,Mkt_9,App_1,Agc_8,Com_2
01/07/2023,NL,CLT_942,0,ELS,Org_1,Part_8,FinProd_7,ComProd_2,Mkt_7,App_7,Agc_2,Com_1
01/06/2023,FR,CLT_943,0,ELS,Org_2,Part_2,FinProd_1,ComProd_3,Mkt_4,App_1,Agc_10,Com_8
01/05/2023,UK,CLT_944,1,TLS,Org_3,Part_3,FinProd_4,ComProd_7,Mkt_4,App_9,Agc_8,Com_2
01/12/2023,NL,CLT_945,1,BLS,Org_7,Part_3,FinProd_2,ComProd_1,Mkt_4,App_3,Agc_9,Com_2
01/01/2023,NL,CLT_946,1,BLS,Org_2,Part_10,FinProd_6,ComProd_6,Mkt_8,App_1,Agc_2,Com_3
01/02/2023,UK,CLT_947,0,ELS,Org_10,Part_5,FinProd_3,ComProd_1,Mkt_10,App_6,Agc_6,Com_8
01/02/2023,DE,CLT_948,1,ELS,Org_9,Part_2,FinProd_8,ComProd_1,Mkt_8,App_10,Agc_8,Com_6
01/04/2023,NL,CLT_949,0,ELS,Org_10,Part_3,FinProd_2,ComProd_5,Mkt_7,App_6,Agc_6,Com_9
01/09/2023,DE,CLT_950,0,BLS,Org_6,Part_3,FinProd_6,ComProd_4,Mkt_4,App_10,Agc_10,Com_2
01/04/2023,BE,CLT_951,0,BLS,Org_4,Part_4,FinProd_3,ComProd_9,Mkt_3,App_9,Agc_5,Com_10
01/03/2023,BE,CLT_952,1,ELS,Org_6,Part_5,FinProd_6,ComProd_7,Mkt_3,App_10,Agc_1,Com_8
01/07/2023,BE,CLT_953,1,ELS,Org_3,Part_2,FinProd_1,ComProd_4,Mkt_6,App_10,Agc_1,Com_7
01/04/2023,NL,CLT_954,1,TLS,Org_2,Part_5,FinProd_8,ComProd_4,Mkt_3,App_4,Agc_6,Com_8
01/11/2023,DE,CLT_955,0,BLS,Org_6,Part_1,FinProd_4,ComProd_1,Mkt_4,App_10,Agc_2,Com_9
01/06/2023,BE,CLT_956,0,TLS,Org_1,Part_2,FinProd_8,ComProd_10,Mkt_3,App_1,Agc_3,Com_4
01/01/2023,DE,CLT_957,0,TLS,Org_1,Part_9,FinProd_4,ComProd_1,Mkt_1,App_6,Agc_9,Com_4
01/10/2023,FR,CLT_958,0,ELS,Org_6,Part_2,FinProd_5,ComProd_1,Mkt_1,App_9,Agc_4,Com_4
01/09/2023,IT,CLT_959,0,BLS,Org_7,Part_4,FinProd_8,ComProd_10,Mkt_10,App_2,Agc_9,Com_4
01/08/2023,IT,CLT_960,0,TLS,Org_5,Part_6,FinProd_5,ComProd_10,Mkt_3,App_5,Agc_10,Com_5
01/03/2023,UK,CLT_961,0,BLS,Org_5,Part_10,FinProd_1,ComProd_10,Mkt_8,App_4,Agc_4,Com_10
01/02/2023,NL,CLT_962,1,TLS,Org_4,Part_6,FinProd_9,ComProd_6,Mkt_9,App_5,Agc_2,Com_4
01/01/2023,IT,CLT_963,1,TLS,Org_7,Part_8,FinProd_7,ComProd_2,Mkt_7,App_1,Agc_7,Com_4
01/06/2023,DE,CLT_964,0,ELS,Org_5,Part_6,FinProd_4,ComProd_10,Mkt_6,App_1,Agc_6,Com_8
01/01/2023,UK,CLT_965,1,TLS,Org_10,Part_2,FinProd_7,ComProd_10,Mkt_9,App_10,Agc_3,Com_7
01/12/2023,FR,CLT_966,0,ELS,Org_5,Part_1,FinProd_6,ComProd_9,Mkt_7,App_10,Agc_4,Com_1
01/12/2023,UK,CLT_967,1,ELS,Org_2,Part_2,FinProd_9,ComProd_3,Mkt_3,App_1,Agc_10,Com_9
01/10/2023,BE,CLT_968,0,TLS,Org_3,Part_7,FinProd_1,ComProd_10,Mkt_8,App_2,Agc_3,Com_10
01/12/2023,UK,CLT_969,0,ELS,Org_4,Part_6,FinProd_10,ComProd_3,Mkt_1,App_6,Agc_10,Com_5
01/10/2023,ES,CLT_970,1,TLS,Org_9,Part_6,FinProd_6,ComProd_4,Mkt_5,App_2,Agc_2,Com_2
01/03/2023,BE,CLT_971,1,TLS,Org_1,Part_6,FinProd_8,ComProd_2,Mkt_9,App_9,Agc_3,Com_3
01/11/2023,ES,CLT_972,1,BLS,Org_3,Part_5,FinProd_10,ComProd_8,Mkt_10,App_7,Agc_9,Com_3
01/01/2023,BE,CLT_973,1,ELS,Org_5,Part_4,FinProd_6,ComProd_9,Mkt_1,App_9,Agc_2,Com_10
01/06/2023,FR,CLT_974,0,ELS,Org_5,Part_1,FinProd_10,ComProd_3,Mkt_10,App_2,Agc_4,Com_5
01/11/2023,UK,CLT_975,1,BLS,Org_10,Part_1,FinProd_6,ComProd_7,Mkt_3,App_6,Agc_9,Com_9
01/11/2023,IT,CLT_976,0,TLS,Org_4,Part_1,FinProd_6,ComProd_9,Mkt_9,App_3,Agc_7,Com_8
01/12/2023,UK,CLT_977,1,ELS,Org_5,Part_1,FinProd_8,ComProd_2,Mkt_6,App_2,Agc_8,Com_5
01/03/2023,FR,CLT_978,1,ELS,Org_8,Part_5,FinProd_9,ComProd_10,Mkt_2,App_5,Agc_4,Com_3
01/03/2023,FR,CLT_979,0,TLS,Org_9,Part_3,FinProd_6,ComProd_8,Mkt_9,App_5,Agc_1,Com_8
01/09/2023,UK,CLT_980,1,BLS,Org_1,Part_5,FinProd_10,ComProd_6,Mkt_1,App_7,Agc_10,Com_5
01/08/2023,DE,CLT_981,0,ELS,Org_1,Part_1,FinProd_9,ComProd_6,Mkt_8,App_5,Agc_7,Com_4
01/01/2023,ES,CLT_982,1,ELS,Org_9,Part_4,FinProd_8,ComProd_9,Mkt_10,App_8,Agc_6,Com_3
01/01/2023,BE,CLT_983,1,ELS,Org_8,Part_4,FinProd_8,ComProd_4,Mkt_10,App_10,Agc_4,Com_10
01/12/2023,NL,CLT_984,1,ELS,Org_3,Part_2,FinProd_10,ComProd_1,Mkt_8,App_2,Agc_6,Com_4
01/10/2023,IT,CLT_985,1,BLS,Org_7,Part_5,FinProd_10,ComProd_9,Mkt_7,App_4,Agc_8,Com_2
01/12/2023,NL,CLT_986,0,TLS,Org_10,Part_9,FinProd_1,ComProd_9,Mkt_9,App_3,Agc_6,Com_7
01/03/2023,DE,CLT_987,1,BLS,Org_8,Part_6,FinProd_6,ComProd_4,Mkt_3,App_4,Agc_8,Com_10
01/11/2023,FR,CLT_988,0,TLS,Org_2,Part_3,FinProd_6,ComProd_1,Mkt_7,App_2,Agc_5,Com_10
01/10/2023,IT,CLT_989,0,TLS,Org_2,Part_5,FinProd_9,ComProd_10,Mkt_3,App_5,Agc_4,Com_9
01/09/2023,IT,CLT_990,1,BLS,Org_8,Part_3,FinProd_1,ComProd_4,Mkt_5,App_6,Agc_9,Com_10
01/06/2023,FR,CLT_991,0,TLS,Org_8,Part_3,FinProd_9,ComProd_7,Mkt_1,App_10,Agc_8,Com_8
01/05/2023,UK,CLT_992,0,ELS,Org_10,Part_8,FinProd_6,ComProd_2,Mkt_7,App_5,Agc_2,Com_9
01/01/2023,IT,CLT_993,1,TLS,Org_1,Part_7,FinProd_8,ComProd_7,Mkt_5,App_4,Agc_7,Com_8
01/12/2023,NL,CLT_994,1,TLS,Org_1,Part_4,FinProd_8,ComProd_4,Mkt_3,App_4,Agc_2,Com_5
01/08/2023,ES,CLT_995,0,ELS,Org_5,Part_9,FinProd_1,ComProd_2,Mkt_7,App_2,Agc_2,Com_4
01/03/2023,ES,CLT_996,0,BLS,Org_4,Part_7,FinProd_9,ComProd_2,Mkt_5,App_4,Agc_1,Com_1
01/05/2023,ES,CLT_997,0,ELS,Org_1,Part_4,FinProd_2,ComProd_9,Mkt_4,App_2,Agc_7,Com_3
01/07/2023,UK,CLT_998,0,ELS,Org_6,Part_6,FinProd_6,ComProd_9,Mkt_2,App_2,Agc_1,Com_5
01/08/2023,DE,CLT_999,0,BLS,Org_3,Part_9,FinProd_10,ComProd_3,Mkt_1,App_10,Agc_9,Com_10
